Tweet Text,Tweet Datetime,Tweet Id,User Id,User Name,User Location,Tweet Coordinates,Place Info,Country,Hashtags,Retweets,Favorites,Language,Source,Replied Tweet Id,Replied Tweet User Id
"Day 13, final full day of #quarantine in #China because I left for two weeks during the #coronavirus crisis. 

China was in #lockdown when I last saw it, today, when I get out, it will be almost normal again. Still required to #wearamask and #isolate 

https://t.co/jbxCC3ndKW",2020-04-01 00:30:16,1245146428445425677,4359648797,Jerry_grey2002,"Zhongshan, Guangdong",,,,"['quarantine', 'China', 'coronavirus', 'lockdown', 'wearamask', 'isolate']",0,3,en,Twitter Web App,,
@cbcnewsbc #wearamask,2020-04-01 00:40:19,1245148954259578882,3195432382,PegidaCanada,,,,,['wearamask'],0,2,und,Twitter Web App,1.2451463586605957e+18,17138582.0
"RT @Cearcall1: OMG. Still this is getting coverage?!?!
#WearAMask
#StayAtHome
@chrismartenson
https://t.co/w755GfmxdW",2020-04-01 00:53:30,1245152274500014081,1231164631265226753,Rhys11196604,Canada,,,,"['WearAMask', 'StayAtHome']",14,0,en,Twitter for Android,,
"Yes, but who trusts WHO anymore? #WearAMask #MasksSaveLives https://t.co/4Q9qVh5n2j",2020-04-01 01:20:41,1245159114130538496,706919457139105792,Sun_Shiney_Day_,üá∫üá∏ Sweet Land of Libertyüá∫üá∏,,,,"['WearAMask', 'MasksSaveLives']",0,0,en,Twitter for iPhone,,
"A choir group in Mount Vernon, Washington, held a rehearsal in early March despite the spread of coronavirus in the state. Of the 60 people attending 45 got #COVID19 - 2 are dead and 3 or more hospitalized. #WearAMask #StayHomeSaveLives",2020-04-01 02:02:22,1245169602398650368,88487190,dms187,"Missouri, USA",,,,"['COVID19', 'WearAMask', 'StayHomeSaveLives']",0,0,en,Twitter Web App,,
RT @terannhilow: More free masks üò∑ this is half of what is being donated &amp; shipped tomorrow #thankshealthheroes #stopthespread #WearAMask h‚Ä¶,2020-04-01 02:08:55,1245171251213148161,853955972,jherrm215,"Pennsylvania, USA",,,,"['thankshealthheroes', 'stopthespread', 'WearAMask']",10,0,en,Twitter for iPhone,,
"Rail, inter-city bus travelers required to wear masks üò∑ from April 1 - Focus Taiwan

#Masks4All #masks #WearAMask #Taiwan  https://t.co/t13u22GISl",2020-04-01 02:27:34,1245175947571023880,288602012,CynthiaCWoods,United States,,,,"['Masks4All', 'masks', 'WearAMask', 'Taiwan']",0,0,en,Twitter for iPhone,,
"If you are interested in wearing a mask but would like more information, including how to make one check this out.
#WearAMask https://t.co/QxJxSRDbFq",2020-04-01 03:31:24,1245192012145418240,113786557,Glenina57,Close to the edge of Sydney.,,,,['WearAMask'],5,5,en,Twitter for Android,,
@CryptoDouchey @koreanjewcrypto India banned export of cheap drug. US not employing cheap drug. Mexico was the first country i heard using viral suppressants since those drugs are already easily obtained their for public use. The numbers are estimates if people do not stay in and reduce the spread #wearamask,2020-04-01 04:31:03,1245207022334689280,914442320723849216,ALHDZMXN,,,,,['wearamask'],0,2,en,Twitter for iPhone,1.2452047459351142e+18,1.2332341442783273e+18
"@drsanjaygupta @WHO @CDCgov CDC 3 weeks too late for NYC.  I'm an advocate for masks in public.  Sanjay YOU can make this happen faster - 
#MakeAMask #wearamask #StayAtHome 
@DavidCloydMD https://t.co/jS4vZnhRsY",2020-04-01 04:38:01,1245208775088173056,1348258146,DavidCloydMD,,,,,"['MakeAMask', 'wearamask', 'StayAtHome']",1,3,en,Twitter Web App,1.2449566369738015e+18,18170896.0
Who knew ? #stupidvirus #staypositive #allweneedisacure #washyourhands #wearamasküò∑ https://t.co/cFFxGfKKCY,2020-04-01 05:30:45,1245222045304139776,193186523,FlorianBelanger,"New Jersey, USA",,,,"['stupidvirus', 'staypositive', 'allweneedisacure', 'washyourhands', 'wearamask']",1,5,en,Twitter for iPhone,,
RT @FlorianBelanger: Who knew ? #stupidvirus #staypositive #allweneedisacure #washyourhands #wearamasküò∑ https://t.co/cFFxGfKKCY,2020-04-01 05:39:06,1245224146382000129,71702310,kahrens42,Over there,,,,"['stupidvirus', 'staypositive', 'allweneedisacure', 'washyourhands', 'wearamask']",1,0,en,Twitter Web App,,
@EconTalker Simply turn your head 90 degrees before putting on headphones. Voila! #WearAMask https://t.co/jva1LGlOgp,2020-04-01 05:41:50,1245224836345016320,180365120,keithbryant57,,,,,['WearAMask'],0,0,en,Twitter for Android,,37677496.0
"‚ÄúStay put‚Äù was the government fire safety advice- #Grenfell U don‚Äôt need masks, just wash ur hands regularly‚Äù- advice from @PHE_uk to NHS staff (unless suspected 2 have COVID). We can‚Äôt see viruses with the naked eye duh! #WearAMask #COVID19 #PPEforNHS",2020-04-01 07:40:14,1245254632261201925,1569059155,shotaewindrass,,,,,"['Grenfell', 'WearAMask', 'COVID19', 'PPEforNHS']",1,1,en,Twitter for iPhone,,
"#CoronaVirusUpdates
#Coronavirus
#COVID„Éº19
#COVID19Pandemic
#WearAMask
#WeAreFightingCorona
#CoronaVirusPakistan

https://t.co/oEk6J73pq5",2020-04-01 07:44:50,1245255787401928704,383693089,mudassar64,Pakistan,,,,"['CoronaVirusUpdates', 'Coronavirus', 'COVID„Éº19', 'COVID19Pandemic', 'WearAMask', 'WeAreFightingCorona', 'CoronaVirusPakistan']",0,0,und,Twitter for Android,,
Please #WearAMask to protect yourselves and other people. https://t.co/WiLaRbaH19,2020-04-01 07:51:06,1245257364967575552,1178326676402405376,angryHonger,,,,,['WearAMask'],7,10,en,Twitter for iPhone,,
RT @FaceBook4Dog: Escape from planet Earth !!!  #coronavirus #coronatakesoverplanetearth #WFH #timetogo #wearamask #dogsinmasks #dogvaccina‚Ä¶,2020-04-01 08:43:55,1245270658721800193,707070634879156224,BoyrestartMba,,,,,"['coronavirus', 'coronatakesoverplanetearth', 'WFH', 'timetogo', 'wearamask', 'dogsinmasks']",69,0,en,Twitter Web App,,
"„Éû„Çπ„ÇØÁùÄÁî®Âëº„Å≥„Åã„ÅëÊ¥ªÂãï„Å´„ÅîÂçîÂäõ„Åè„Å†„Åï„ÅÑ‚ùóÔ∏è

Èü≥Ê•Ω„ÇíÊÑõ„Åô„ÇãÂÖ®„Å¶„ÅÆÊñπ„Å∏„ÄÅÂÖ®„Å¶„ÅÆ„Éï„Çß„Çπ„Å∏
ÂÆâÂøÉ„Åó„Å¶Ë™∞„ÇÇ„Åå‰∏ÄÁ∑í„Å´Èü≥Ê•Ω„ÇíÊ•Ω„Åó„ÇÅ„ÇãÊó•„ÄÖ„Åå„ÇÑ„Å£„Å¶„Åè„Çã„Åì„Å®„ÇíÈ°ò„ÅÑ„ÄÅÊñ∞Âûã„Ç≥„É≠„Éä„Ç¶„Ç§„É´„ÇπÊÑüÊüìÊã°Â§ß„ÇíÈò≤„Åê„Åπ„Åè„ÄÅ„Åú„Å≤Êã°Êï£„ÅîÂçîÂäõ„ÅäÈ°ò„ÅÑ„ÅÑ„Åü„Åó„Åæ„Åôüôáüèª‚Äç‚ôÄÔ∏è

https://t.co/lvW62ntchY

#WEARAMASK
#„Éû„Çπ„ÇØ„Çí„Å§„Åë„Çà„ÅÜ
#RTÊã°Êï£Â∏åÊúõ https://t.co/drma3KplQf",2020-04-01 09:00:17,1245274777838686208,2267220493,MUSIC_CIRCUS,Â§ßÈò™„ÉªÊ≥âÂçó„Çä„Çì„Åè„ÅÜÂÖ¨Âúí,,,,"['WEARAMASK', '„Éû„Çπ„ÇØ„Çí„Å§„Åë„Çà„ÅÜ', 'RTÊã°Êï£Â∏åÊúõ']",21,49,ja,Twitter for iPhone,,
"„Éû„Çπ„ÇØÁùÄÁî®Âëº„Å≥„Åã„ÅëÊ¥ªÂãï„Å´
„ÅîÂçîÂäõ„Åè„Å†„Åï„ÅÑüôáüèª‚Äç‚ôÄÔ∏è

https://t.co/dTyfrE4jhw

Êñ∞Âûã„Ç≥„É≠„Éä„Ç¶„Ç§„É´„ÇπÊÑüÊüìÊã°Â§ß„ÇíÈò≤„Åê„Åü„ÇÅ
ÂºäÁ§æ„ÅßÊ¥ªÂãïÈñãÂßãËá¥„Åó„Åæ„Åó„Åü‚ÄºÔ∏è
„Åú„Å≤Êã°Êï£„ÅîÂçîÂäõ„ÅäÈ°ò„ÅÑ„ÅÑ„Åü„Åó„Åæ„Åô„ÄÇ

https://t.co/dTyfrE4jhw

#WEARAMASK
#„Éû„Çπ„ÇØ„Çí„Å§„Åë„Çà„ÅÜ
#RTÊã°Êï£Â∏åÊúõ https://t.co/JrmSxooaWY",2020-04-01 09:02:12,1245275257667121154,493959725,TryHard_jp,Osaka - Japan,,,,"['WEARAMASK', '„Éû„Çπ„ÇØ„Çí„Å§„Åë„Çà„ÅÜ', 'RTÊã°Êï£Â∏åÊúõ']",7,11,ja,Twitter for iPhone,,
Protect others #WearAMask üò∑ https://t.co/EK7ZYUfGYB,2020-04-01 09:19:42,1245279662206529537,904861723,abcdiagnosis,"Manchester, England",,,,['WearAMask'],7,15,en,Twitter for iPhone,,
"Having been in an abusive situation in my life I am very concerned for people trapped with their abusers. Usually there is at least some respite. We need to seek out victims and ensure they are safe, but how? üòî #WearAMask #covid19UK https://t.co/xtBKs3nrmU",2020-04-01 09:38:08,1245284303740841986,65636205,RainbowtearsLj,"East Midlands, England",,,,"['WearAMask', 'covid19UK']",3,7,en,Twitter for Android,,
"@StSenka I know, most people seem to agree in theory but no masks on the streets and in food shops in Chester. I have not seen a single person with a mask. Hope his will change very soon. #WearAMask",2020-04-01 09:40:19,1245284853077155841,391593700,VladimirBobic,"Chester, UK",,"North West, England",GB,['WearAMask'],0,0,en,Twitter for iPad,1.24528308795469e+18,8.275864410772193e+17
"Would you trust them again when they still tell us to not wear masks? 
#WearAMask üò∑

P.s. masks are also great for privacy üòé https://t.co/kFVjB3wmTc",2020-04-01 09:53:00,1245288042983763969,73159668,mir_btc,"Milan, Lombardy",,"Milan, Lombardy",IT,['WearAMask'],12,94,en,Twitter for Android,,
"#COVID19 does not discriminate. It is moving fast. Protecting yourself is protecting your family, your healthcare community who takes care of you, and your neighbors. #WearAMask #StayAtHome #ProtectHealthCareWorkers #PreventCOVID19Spread",2020-04-01 10:57:28,1245304268510441473,81335370,AgapeLoveAllDay,Wakanda,,,,"['COVID19', 'WearAMask', 'StayAtHome', 'ProtectHealthCareWorkers', 'PreventCOVID19Spread']",1,0,en,Twitter for Android,1.245303527183917e+18,81335370.0
"#COVID19 is real oo

#WearAMask !
#WearAMask ii
#WearAMask oo!!!
Even dog pickin dey wear mask https://t.co/fwpJJh6vMQ",2020-04-01 10:59:46,1245304846913331202,55308144,RealPOOkeke,Nigeria,,,,"['COVID19', 'WearAMask', 'WearAMask', 'WearAMask']",1,1,en,Twitter for Android,,
"Kroger's you need to implement a MANDATORY ..
##WEARAMASK
Now !!
Provided by the Company immediately..",2020-04-01 11:19:48,1245309885115400194,1224418294859489282,Wings3Purple,,,,,['WEARAMASK'],1,2,en,Twitter for Android,,
"@LeotheCuban Trump cannot CAUSE any deaths, my friend, the virus, and irresponsible behavior can.
#WearAMask",2020-04-01 12:02:21,1245320595669233670,1335474918,MAGASHAMAN,THE UNIVERSE,,,,['WearAMask'],0,0,en,Twitter for Android,1.245316208104276e+18,119471728.0
"üì¢üéôÔ∏èNEW HEATERüéôÔ∏èüì¢

2W1B 023 - TMZ Cameos, Old Albums, First World Probs

https://t.co/3vO9tzymM0

#WednesdayWisdom #WednesdayThoughts #WednesdayMotivation #COVID #PodernFamily #Podcasts #BTC #Bitcoin #HamOnt #Crypto #COVID19 #WearAMask #StayHome https://t.co/DMHqP2yOHd",2020-04-01 12:42:36,1245330723000717319,28584527,JoeyTweeets,,,,,"['WednesdayWisdom', 'WednesdayThoughts', 'WednesdayMotivation', 'COVID', 'PodernFamily', 'Podcasts', 'BTC', 'Bitcoin', 'HamOnt', 'Crypto', 'COVID19', 'WearAMask', 'StayHome']",2,0,en,Twitter Web App,,
"RT @TaiwanBirding: #WearAMask, even crap ones help. 

Leave the good ones for key workers. 

Wash your hands. Stay at home. Study bird pict‚Ä¶",2020-04-01 13:14:15,1245338689481216000,158376601,WhamBop,„Éç„ÉÉ„Éà„ÅÆ‰∏≠,,,,['WearAMask'],115,0,en,Twitter Web App,,
"Don't be a Fool this April.

#StayHome. #WearAMask if out. And #BlameTrump.",2020-04-01 13:26:51,1245341860815568898,16032967,TomPaineToday,My Country is the World.,,,,"['StayHome', 'WearAMask', 'BlameTrump']",0,2,en,Twitter Web App,,
RT @terannhilow: Safety first üò∑ #wearamask #stopthespread https://t.co/fSGMA1d1QM,2020-04-01 13:38:46,1245344857222242306,628335735,nounoursstaps59,,,,,"['wearamask', 'stopthespread']",15,0,en,Twitter for Android,,
"RT @mir_btc: Would you trust them again when they still tell us to not wear masks? 
#WearAMask üò∑

P.s. masks are also great for privacy üòé",2020-04-01 14:43:31,1245361152915312641,726395588498051072,realcanuck7,,,,,['WearAMask'],12,0,en,Twitter for Android,,
".
""There's no magic bullet

There's no magic vaccine or therapy.

It's just behaviors ...

Each of our behaviors, translating into something that changes the course of this viral pandemic over the next 30 days""

Dr. Deborah L. Birx

(so #WearAMask)
. https://t.co/iKx9wTfNUS",2020-04-01 14:57:21,1245364636691685384,1188528892539293698,YeOldEarthling,#HoldChinaAccountable,,,,['WearAMask'],0,2,en,Twitter Web App,,
#WearAMask #Masks4All #COVID19 #coronavirus https://t.co/gBxJMD62mz,2020-04-01 15:40:27,1245375482326970368,353784642,DeenaNeffMD,"Oakland, CA",,,,"['WearAMask', 'Masks4All', 'COVID19', 'coronavirus']",0,0,und,Twitter for iPhone,,
"@mostconvenient1 @EPMD_Rocky @CPHO_Canada Wait... what?? Healthy people sneeze and cough... it's called your body's natural way of expelling irritants... or ""I have a tickle in my throat"" syndrome lol... everyone sneezes and coughs at times.  Smh
#StayHome 
#WearAMask",2020-04-01 15:45:57,1245376864786485249,3351677565,DarkRose2885,,,,,"['StayHome', 'WearAMask']",0,24,en,Twitter for Android,1.2453757445675827e+18,1.2381207968890102e+18
Everyone #WearAMask #ProtectAllWorkers #GroceryStore @VP @GovRonDeSantis @SenRickScott @marcorubio https://t.co/g5M5LCaCni,2020-04-01 16:36:56,1245389696018141184,2651794592,PegMargoAnn,USA,,,,"['WearAMask', 'ProtectAllWorkers', 'GroceryStore']",0,0,en,Twitter for iPhone,,
"@MikeJoPro If Trump goes on vacation, he‚Äôll have to be isolated to prevent contagion.
I suggest Alcatraz.  Good practice for later!

#TrumpIsTheWORSTPresidentEVER 
#TrumpPressConf 
#TrumpVirus 
#WearAMask 
#WashYourHands",2020-04-01 17:00:43,1245395681277288448,764142572,Farbeka,New York,,,,"['TrumpIsTheWORSTPresidentEVER', 'TrumpPressConf', 'TrumpVirus', 'WearAMask', 'WashYourHands']",0,8,en,Twitter Web App,1.2453598316927795e+18,8.468145080772567e+17
#coronavirus #wearamask #za≈ÇozMaske #za≈ÇozMaske #zakryjtwarz #COVID„Éº19 #koronawirus #koronowirus #koronawiruspolska #ktonienositenroznosi https://t.co/BUZiNdrBWb,2020-04-01 17:03:39,1245396418199728131,858249775589752834,_snflwrr_,,,,,"['coronavirus', 'wearamask', 'za≈ÇozMaske', 'za≈ÇozMaske', 'zakryjtwarz', 'COVID„Éº19', 'koronawirus', 'koronowirus', 'koronawiruspolska', 'ktonienositenroznosi']",0,1,und,Twitter Web App,,
Everyone-wear your goddamned masks: (Korean with subtitles) Leading COVID-19 Expert From South Korea | AS... https://t.co/NfsQb7o1gC via @YouTube #MakeMasks #WearAMask Masks work to stop asymptomatic transmission.,2020-04-01 17:12:36,1245398670964436993,746084940,SharpCanines,,,,,"['MakeMasks', 'WearAMask']",0,0,en,Twitter for iPhone,,
"#COVID„Éº19
#CoronavirusUSA
#CDC
#wearamask
üò∑

The New York Times: C.D.C. Weighs Advising Everyone to Wear a Mask.
https://t.co/4fv1GmRqBK

via @GoogleNews",2020-04-01 17:45:58,1245407069647208449,2922116226,toneecanoga,"Canoga Park, Los Angeles",,,,"['COVID„Éº19', 'CoronavirusUSA', 'CDC', 'wearamask']",0,0,en,Twitter for Android,,
"@NYGovCuomo If you need to go out, wear a mask. It may not protect you from someone else but it‚Äôll protect them from you. So...if EVERYONE does it we will be taking care of each other. Thank you! #WearAMask #WeAreInThisTogether",2020-04-01 17:51:53,1245408557664698373,950979804,NanzzzzNanzzz,,,,,"['WearAMask', 'WeAreInThisTogether']",2,14,en,Twitter for iPad,1.2453974082107064e+18,232268199.0
@HensNtheHood Proud member of the #Resistance #StayAtHome if not #WearAMask &amp; #WearGloves #HelpStartTheTrend,2020-04-01 17:56:54,1245409822385700867,69699846,CraigSmith325is,"Ellisville,Mississippi JonesCo",,,,"['Resistance', 'StayAtHome', 'WearAMask', 'WearGloves', 'HelpStartTheTrend']",0,1,en,Twitter for iPhone,1.2453538667466465e+18,74820356.0
"Making masks for friends and colleagues! #maskeauf #WearAMask

Everyone stay safe! ‚ú® https://t.co/xTpcWI32Yo",2020-04-01 18:45:53,1245422147679465477,931978357222379520,sksiebert,Mainz/London,,,,"['maskeauf', 'WearAMask']",3,10,en,Twitter for Android,,
"She's not going out at all, but you can never have too many kawaii masks #WearAMask https://t.co/vLIBFqmGjf",2020-04-01 18:51:19,1245423514670075904,214796346,Kitzavany,United States,,,,['WearAMask'],0,2,en,Twitter for Android,,
#WearAMask https://t.co/afAfbB5d9W,2020-04-01 19:44:00,1245436774110953472,15016190,ghostrich,Berlin,,,,['WearAMask'],0,1,und,Twitter Web App,,
"Amidst these trying and difficult times, safety and following precautionary measures is what is required, so that we can flatten the curve and avoid future spread of this virus. 

#washhands #usehandsanitizer #stopthespread #wearamask #covercoughs https://t.co/HJlTJZQp7C",2020-04-01 20:04:12,1245441854700584960,72963998,allianceenviro,"Azusa, CA",,,,"['washhands', 'usehandsanitizer', 'stopthespread', 'wearamask', 'covercoughs']",1,1,en,Twitter Web App,,
#WearAMask https://t.co/JjELsK7sGa,2020-04-01 20:18:57,1245445567045464064,16633249,Spin2Knit,Northern California,,,,['WearAMask'],0,0,und,Twitter Web App,,
"The west will regret how they bought into, and propagated the idea that masks don't help in protecting against the virus for years to come, many many years indeed. It is now emerging from research that masks provide up to 5 times more protection! 5 TIMES!! #WearAMask",2020-04-01 20:34:34,1245449497565593600,472782537,VishwasAcharyaN,Earthling  - our only home !,,,,['WearAMask'],0,0,en,Twitter Web App,,
"#covid19 #wearamask
https://t.co/lHTyxMq2T0",2020-04-01 20:59:00,1245455647019167744,2272044236,LachicRigzin,Ladakh,,Ladakh,,"['covid19', 'wearamask']",2,1,und,Twitter for iPhone,1.2454499109728911e+18,2272044236.0
"RT @sksiebert: Making masks for friends and colleagues! #maskeauf #WearAMask

Everyone stay safe! ‚ú® https://t.co/xTpcWI32Yo",2020-04-01 20:59:29,1245455767592939525,707933844448677889,kigallus,,,,,"['maskeauf', 'WearAMask']",3,0,en,Twitter Web App,,
"This is how you can make a face mask in under one minute:
#coronavirus #COVID19 #COVID„Éº19 #CoronavirusUSA  #WearAMask https://t.co/cbvIKDSD0U",2020-04-01 21:11:03,1245458680163848192,461720060,imfabulous13,"Earth, on the left..",,,,"['coronavirus', 'COVID19', 'COVID„Éº19', 'CoronavirusUSA', 'WearAMask']",49,76,en,Twitter for Android,,
"RT @imfabulous13: This is how you can make a face mask in under one minute:
#coronavirus #COVID19 #COVID„Éº19 #CoronavirusUSA  #WearAMask htt‚Ä¶",2020-04-01 21:14:49,1245459626805649412,21773704,justgrateful,here,,,,"['coronavirus', 'COVID19', 'COVID„Éº19', 'CoronavirusUSA', 'WearAMask']",49,0,en,Twitter Web App,,
"Bravo Israel! 
#masks4all #universalmasking #wearamask
@CormicanMartin @hselive @ronan_glynn @SimonHarrisTD @simoncoveney @LeoVaradkar @CMOIreland @President_MU @ProfJohnCrown @SamuelMcConkey1 @BeaumontHealth @CillianDeGascun  https://t.co/GBVWmJ3bNT",2020-04-01 21:27:11,1245462741541892096,1242735599225839616,maskupfolks,,,,,"['masks4all', 'universalmasking', 'wearamask']",5,19,en,Twitter Web App,,
"RT @maskupfolks: Bravo Israel! 
#masks4all #universalmasking #wearamask
@CormicanMartin @hselive @ronan_glynn @SimonHarrisTD @simoncoveney‚Ä¶",2020-04-01 21:56:56,1245470226625503232,916574673021886465,pak_emmy,,,,,"['masks4all', 'universalmasking', 'wearamask']",5,0,en,Twitter for iPhone,,
"https://t.co/s9xD0Qy7Dm

The only thing to watch today on #COVID„Éº19 #coronavirus 

Thanks @theasianboss for sharing this...

#WearAMask üò∑",2020-04-01 22:22:15,1245476597362241539,776686735,jxs606,"Laniakea, UK",,,,"['COVID„Éº19', 'coronavirus', 'WearAMask']",0,0,en,Twitter for Android,,
We‚Äôre a week in and the pantry is bare...#WearAMask #stayhome #HoseTheKids #alwayshungry #seriouslystayhome #lockdownnz https://t.co/JyolPg4fqY,2020-04-01 22:37:26,1245480418805080064,27395231,UrzilaCarlson,"Auckland, New Zealand",,,,"['WearAMask', 'stayhome', 'HoseTheKids', 'alwayshungry', 'seriouslystayhome', 'lockdownnz']",2,35,en,Twitter for iPhone,,
"@brucewilson üòÇ you made me laugh! 
I shared this #diymask video for the MANY who cannot afford to buy masks.
Super easy and will help in #prevention for those required to go out -
As with any mask it's critical to wash hands before &amp; after applying, removing mask!

Thanks Bruce üò∑ #WearAMask",2020-04-01 23:24:38,1245492295811641346,2651368746,greennomad61,,,,,"['diymask', 'prevention', 'WearAMask']",0,1,en,Twitter for Android,1.2454576879759974e+18,13139632.0
"@Acyn @RussiaTrumpBot ‚ÄúNumber One Fool on Facebook!‚Äù
Enjoy your holiday. . .
‚ÄúApril Fool‚Äôs Day.‚Äù

#WeAreAllInThisTogether 
#WearAMask 
#WashYourHands",2020-04-01 23:38:36,1245495811888291850,764142572,Farbeka,New York,,,,"['WeAreAllInThisTogether', 'WearAMask', 'WashYourHands']",0,0,en,Twitter Web App,1.2454735952596664e+18,16635277.0
"@Ceillimiss @DocAtCDI Hey!  ‚ÄúNobody puts Baby in the Corner‚Äú &amp; 
Nobody Mutes Doc!
Oh, OK.  Baby has to stay 6 feet away in the corner.

#WeAreAllInThisTogether 
#WearAMask 
#WashYourHands",2020-04-01 23:46:45,1245497864534581251,764142572,Farbeka,New York,,,,"['WeAreAllInThisTogether', 'WearAMask', 'WashYourHands']",1,4,en,Twitter Web App,1.2454281542667264e+18,384449449.0
"@hickory66 @Maga45T #GoodQuestion
#WhenInDoubt #WearAMask",2020-04-01 23:53:44,1245499621234876418,18648110,caskett2014," NJ, USA",,,,"['GoodQuestion', 'WhenInDoubt', 'WearAMask']",1,2,und,Twitter for iPad,1.245403940696531e+18,49118430.0
"Everyday I see they shut another state down, which is another set back, the longer it takes for EVERYBODY to GET ON THE SAME PAGE as far as #StayHome  the longer it‚Äôs going to take to #flatteningthecure #COVID„Éº19 #WearAMask #weargloves #protectyourself",2020-04-02 00:15:43,1245505154692132867,278355582,kymsean,"New Jersey, USA",,,,"['StayHome', 'flatteningthecure', 'COVID„Éº19', 'WearAMask', 'weargloves', 'protectyourself']",0,1,en,Twitter for iPhone,,
"@ValerieJarrett @KelsieLeeDavis @BarackObama - Obama listened to (&amp; understood) daily briefings.
- He surrounded himself with the best minds and most experienced people he could find.
- He appreciated people who disagreed with him.
Trump...
The opposite.
#WeAreAllInThisTogether 
#WearAMask 
#WashYourHands 
#ShelterInPlace",2020-04-02 00:36:23,1245510353980620800,764142572,Farbeka,New York,,,,"['WeAreAllInThisTogether', 'WearAMask', 'WashYourHands', 'ShelterInPlace']",0,3,en,Twitter Web App,1.2454894668375327e+18,8.068620842774077e+17
Y no olviden amiguitos #WearAMask https://t.co/4GUrwEYx1i,2020-04-02 00:40:22,1245511358105468928,937360965250830336,pugzilladechivo,"C√°ceres del Per√∫, Peru",,,,['WearAMask'],1,8,es,Twitter for iPhone,,
"RT @caskett2014: @hickory66 @Maga45T #GoodQuestion
#WhenInDoubt #WearAMask",2020-04-02 01:12:24,1245519419100422144,69887867,MsMoon53,"High Desert, Northern NV - USA",,,,"['GoodQuestion', 'WhenInDoubt', 'WearAMask']",1,0,und,Twitter for Android,,
RT @UrzilaCarlson: We‚Äôre a week in and the pantry is bare...#WearAMask #stayhome #HoseTheKids #alwayshungry #seriouslystayhome #lockdownnz‚Ä¶,2020-04-02 01:27:44,1245523277017010176,2485850540,AwjwWoodhead,Melbourne Australia,,,,"['WearAMask', 'stayhome', 'HoseTheKids', 'alwayshungry', 'seriouslystayhome', 'lockdownnz']",2,0,en,Twitter for iPhone,,
üò∑üò∑üò∑#NewNormal #WearAMask ...cue designers https://t.co/L4mG5Nqgwt,2020-04-02 01:29:19,1245523675903754241,790278001,JillArrington,Los Angeles,,,,"['NewNormal', 'WearAMask']",0,9,es,Twitter for iPhone,,
"If you are healthy you may be a carrier! WEAR A MASK to stop the spread! Wear it for the vulnerable, show support for them! I see more people wearing them...GOOD! #masksforall #MasksSavesLives #StopTheSpread  #WearAMask",2020-04-02 02:32:43,1245539628943171584,26593783,h20biker,,,,,"['masksforall', 'MasksSavesLives', 'StopTheSpread', 'WearAMask']",1,2,en,Twitter Web App,,
RT @pugzilladechivo: Y no olviden amiguitos #WearAMask https://t.co/4GUrwEYx1i,2020-04-02 02:53:05,1245544756064718848,1143926701,alwaysbenjas,Ciudad de la Furia,,,,['WearAMask'],1,0,es,Twitter for iPhone,,
"@mattgaetz @DevinNunes @realDonaldTrump @SenatorBurr Aren‚Äôt these two both Republicans? 
Why would young whippersnapper Matt Gaetz ‚Äúdis‚Äù the powerful chair of the Senate Intel Committee and defend creepy milkman Devin Nunes?
Is he delusional? Does he have the #coronavirus?

#WearAMask (A gas mask)
#WashYourHands 
#GOPDeathPanels",2020-04-02 03:10:41,1245549184394158080,764142572,Farbeka,New York,,,,"['coronavirus', 'WearAMask', 'WashYourHands', 'GOPDeathPanels']",0,1,en,Twitter Web App,1.2453621097451602e+18,58579942.0
"Wear a mask, save a life #WearAMask https://t.co/T0EtMQbC1h",2020-04-02 03:33:56,1245555036723318784,199733993,JLimonMM,"New York, NY",,,,['WearAMask'],0,1,en,Twitter for iPhone,,
"Important edit üëáüèº
Wearing a mask in public is what saved Korea, HK,..
Hopefully masks will be available soon. 
PLEASE wear a mask 
#WearAMask #WashYourHands #SocialDistancing #DONTtouchYOURface 
#StayHomeSaveLives #COVID19 https://t.co/VP6DdUsWnA",2020-04-02 04:00:38,1245561756467986432,850063165547098112,NarouzeMD,"Ohio, USA",,,,"['WearAMask', 'WashYourHands', 'SocialDistancing', 'DONTtouchYOURface', 'StayHomeSaveLives', 'COVID19']",12,25,en,Twitter for iPhone,,
"If you happen to have a n95 mask/ respirator (or an equivalent), it can be sanitized and reused #WearAMask https://t.co/IG04ejTwzj",2020-04-02 04:11:39,1245564527174877184,51856642,Shi_chel,USA,,,,['WearAMask'],0,0,en,Twitter for Android,,
"Another ‚Äúforeign‚Äù concept that will soon become second nature to all of the world 

#WearAMask https://t.co/Qp7APwe0Fi",2020-04-02 04:39:21,1245571499869626373,14480299,bling0,San Francisco,,,,['WearAMask'],5,21,en,Twitter for iPhone,,
"RT @bling0: Another ‚Äúforeign‚Äù concept that will soon become second nature to all of the world 

#WearAMask https://t.co/Qp7APwe0Fi",2020-04-02 04:45:15,1245572983726301184,20850549,ashleyrdtx,"Fort Collins, CO",,,,['WearAMask'],5,0,en,Twitter for iPhone,,
Texas and  Florida governors will be hanging there heads in shame. #WearAMask!!! https://t.co/E5iYSUSGjT,2020-04-02 05:41:03,1245587023752126464,1660728103,CeilMcNeill,,,,,['WearAMask'],0,1,en,Twitter Web App,,
"#CoronavirusOubreak 

Los Angeles Mayor Garcetti 

Urges all residents to 

Wear face coverings when shopping &amp; doing essential tasks.

#WearAMask
#StayHome  https://t.co/hdGDUxg6s8",2020-04-02 06:36:12,1245600903056347142,17490707,Helenhs,"Berkeley, CA",,,,"['CoronavirusOubreak', 'WearAMask', 'StayHome']",19,28,en,Twitter for iPhone,,
"Sharing again

üëáThe relative effectiveness of mask materials in capturing the virus &amp; preventing spread.

Scientists think viral load affects severity of disease (makes sense)

Even a scarf will cut viral load by 49%

&amp; that could save your life! 

#WearAMask 
#COVID„Éº19 https://t.co/4joNHH53bS",2020-04-02 07:21:45,1245612369847320584,17490707,Helenhs,"Berkeley, CA",,,,"['WearAMask', 'COVID„Éº19']",24,42,en,Twitter for iPhone,,
"To the point.

#WearAMask 
#WeAreAllInThisTogether 

Creative by - Umesh @ schmoozebezierd at Instagram. https://t.co/frSxJmB1I6",2020-04-02 07:33:19,1245615279071100929,138950215,SandipG_,India,,,,"['WearAMask', 'WeAreAllInThisTogether']",0,0,en,Twitter for Android,,
"Still up sewingüßµ 250 more free masks shipping out in a few hours to HC workers, first responders, high risk individuals &amp; others who have reached out to ask-all over the US

W/in 3 weeks, my team &amp; I have sewn &amp; sent out over 5100 free masks #WearAMask #ThankYouHealthCareWorkers https://t.co/rFPxLqLFQH",2020-04-02 08:22:32,1245627663760240640,19173816,terannhilow,on top of the world ,,,,"['WearAMask', 'ThankYouHealthCareWorkers']",9,118,en,Twitter for iPhone,,
#WearAMask https://t.co/eOk9vHBWgd,2020-04-02 08:23:04,1245627797831221256,1025405494834294784,SoooCalGal,"Redondo Beach, CA",,,,['WearAMask'],0,0,und,Twitter for iPhone,,
"@piersmorgan The World Health Org is rethinking its guidelines on wearing a mask now. We should all have been wearing masks/gloves from Day 1. No-one expected 100% protection, but we CANNOT accept 100% exposure to contagion. Even a scarf is better than nothing. #WearAMask #Covid_19 #MasksNow",2020-04-02 08:38:41,1245631730158948352,91637012,MissStixy,"North Carolina, USA",,,,"['WearAMask', 'Covid_19', 'MasksNow']",11,38,en,Twitter for Android,1.2456305558712689e+18,216299334.0
The most practical solution would be to wear a mask. It's worked for every country that has done it. Can the #yanggang make #WearAMask trend?,2020-04-02 08:39:49,1245632015195459586,4804686176,YangGangKW,,,,,"['yanggang', 'WearAMask']",2,3,en,Twitter for iPhone,,
When we both have a mask....I protect you and you protect me. #wearamask https://t.co/9HKzYpKZDg,2020-04-02 09:07:54,1245639080496390145,18471483,wuzgood,"Los angeles, California",,,,['wearamask'],0,8,en,Twitter for iPhone,,
We don‚Äôt know if we are virus carriers. #WearAMask and protect others. The life you save may be my daughter‚Äôs. #GroceryWorkers #GroceryStore #ProtectAllWorkers,2020-04-02 09:08:34,1245639249099026434,2651794592,PegMargoAnn,USA,,,,"['WearAMask', 'GroceryWorkers', 'GroceryStore', 'ProtectAllWorkers']",0,2,en,Twitter for iPad,,
"Diejenigen die sagen man soll keine #Masken tragen weil viele die falsch tragen k√∂nnten - sagt ihr auch wir sollten mit dem H√§ndewaschen aufh√∂ren weil nicht alle das richtig k√∂nnen? Merkt ihr selbst, ne. #MaskeAufüò∑ #WearAMasküò∑",2020-04-02 10:00:05,1245652212438552577,16185413,jwildeboer,EMEA,,,,"['Masken', 'MaskeAuf', 'WearAMask']",3,3,de,Twitter for iPhone,,
"The mayor of Los Angeles urged 4 million residents to wear masks to combat the coronavirus when they walk out in public, even as state health officials shied away from requiring a coverup.
#WearAMask
#SocialDistanacing

#wtpTEAM
#wtp2020

https://t.co/Z0dgfCsTks",2020-04-02 10:06:11,1245653749508399107,1132666999547604993,DidiDarrer,,,,,"['WearAMask', 'SocialDistanacing', 'wtpTEAM', 'wtp2020']",30,36,en,Twitter for Android,,
"The mayor of Los Angeles urged 4 million residents to wear masks to combat the coronavirus when they walk out in public, even as state health officials shied away from requiring a coverup.

#WearAMask
#SocialDistanacing

https://t.co/A8ovzPrmzu",2020-04-02 10:10:27,1245654823652823042,1044856876826062848,DeniseDarrer,"Croatia, Rijeka",,,,"['WearAMask', 'SocialDistanacing']",2,1,en,Twitter for Android,,
"I'm not a medic, but as a graffiti artist, I understand masks.  I was wearing one despite official advise of 'dangers' of wearing one.  It's not rocket science - it goes without saying to handle them carefully once worn  #commonsense #WearAMask #COVID19 https://t.co/hxl1TgzrzC",2020-04-02 10:16:58,1245656463411777537,26993242,AliAerosol,Birmingham,,,,"['commonsense', 'WearAMask', 'COVID19']",5,10,en,Twitter Web App,,
"I would quit, if won't give PPE at all times. This is in the air people. #WearAMask
Doctors Say Hospitals Are Stopping Them From Wearing Masks https://t.co/auuWTHbNSE",2020-04-02 10:36:57,1245661489433804800,943630562681655296,Youdowhatyoudo1,United States,,,,['WearAMask'],0,0,en,Twitter for Android,,
"@WRITERJER @souffledujour57 @CPHO_Canada Ones degree, or lack thereof, has nothing to do with common frikkin sense! Sadly, some people will never earn that. #wearamask #trudeauclosetheairports",2020-04-02 10:37:14,1245661560711888896,1245355650022072325,CalisteDavida,,,,,"['wearamask', 'trudeauclosetheairports']",0,0,en,Twitter Web App,1.245611485465686e+18,210961465.0
"Made my own mask out of a handkerchief and some hair bands! 
.
.
.
.
.
#covid-19 #isolation #wearamask #staysafeeveryone #lockdown #lockdown2020 https://t.co/merLygTNni",2020-04-02 10:41:07,1245662539658211328,143081495,emmacollins7,"Dublin, Ireland",,,,"['covid', 'isolation', 'wearamask', 'staysafeeveryone', 'lockdown', 'lockdown2020']",0,0,en,Instagram,,
"Been watching The Hot Zone. Reminded me of when we were all going to die of AIDS. Nurses were scared even to feed them.
Turned out not to be true haha
People changed their behavior, started using condoms, &amp; in time AIDs drugs were developed. 
#WearAMask 
#COVID19",2020-04-02 10:48:38,1245664430026719233,2431518776,CryptoMultivers,Politically Homeless,,,,"['WearAMask', 'COVID19']",0,3,en,Twitter for iPhone,,
"@ShellyKW6 @Ronaldlclark3 Daily briefings, we are so fucked. #WearAMask",2020-04-02 10:48:41,1245664443041820672,943630562681655296,Youdowhatyoudo1,United States,,,,['WearAMask'],0,1,en,Twitter for Android,1.245551724791767e+18,1.155874489755984e+18
"Since 30th March, after introducing mandatory mask use 12 days earlier for shopping etc., Austria's confirmed new cases/new deaths have, so far, been dropping every day. 
Early days, but..
30 Mar 830/22
31 Mar 562/20
1 Apr 531/18
2 Apr 181/12

#WearAMask #COVID19",2020-04-02 11:25:04,1245673598385360897,257636955,sovereignmonkey,Juenoea BL-P e5-2417,,,,"['WearAMask', 'COVID19']",0,0,en,Twitter for Android,,
"Other banks must also find a way to follow #PhysicalDistancing advise by @HPA_MV 

At least #WearAMask everyone 

@BondeM4",2020-04-02 11:36:31,1245676481101139968,1492685310,Drusamaali,Maldives,,,,"['PhysicalDistancing', 'WearAMask']",0,1,en,Twitter for iPhone,1.2456764768271237e+18,1492685310.0
"@GStephanopoulos @AliEWentworth @GMA Just heard that on @GMA and no offense to you but you said you don‚Äôt wear a mask when you take care of her? FOOLISH Also, you say you don‚Äôt have symptoms but on air, you honestly look feverish/sweaty and I‚Äôm being truthful #gettested #WearAMasküò∑",2020-04-02 11:43:35,1245678259075002368,2289561891,KteacherBx,"Bronx, NY ",,,,"['gettested', 'WearAMask']",0,3,en,Twitter for iPhone,1.2456668209227735e+18,17074440.0
#masks4all #MasksWork #StopTheSpread #WearAMask  #DontBeASpreader #COVID19Pandemic https://t.co/gHIB1Qv6SQ,2020-04-02 12:02:25,1245682999053537285,353116104,terrislilthing,Australia,,,,"['masks4all', 'MasksWork', 'StopTheSpread', 'WearAMask', 'DontBeASpreader', 'COVID19Pandemic']",0,0,und,Twitter for iPhone,,
"RT @LachicRigzin: #covid19 #wearamask
https://t.co/lHTyxMq2T0",2020-04-02 13:20:01,1245702529427464193,37698927,carolinebk91,"Mumbai, Maharashtra",,,,"['covid19', 'wearamask']",2,0,und,Twitter for iPhone,,
"Impeachment trial lasted from January 16 to February 5.
The first classified briefing on the virus was held in the Senate on January 24.
Only 14 senators showed up.
#TrumpOwnsEveryDeath &lt;-- you are sick phucks.
#WearAMask 
6.6 Million
#ThursdayThoughts https://t.co/IczoqHnzTf",2020-04-02 13:57:46,1245712030088269824,20889358,Jayne720,"Dayton, Ohio",,,,"['TrumpOwnsEveryDeath', 'WearAMask', 'ThursdayThoughts']",1,1,en,Twitter for Android,,
RT @myko2028: The Japanese have the folding game down. #WearAMask https://t.co/2Ng041sx7j,2020-04-02 14:01:22,1245712934665322501,1115936490524172288,shachacLSU,Florida,,,,['WearAMask'],9,0,en,Twitter Web App,,
"Almost all research shows the benefits of wearing a mask, and that‚Äôs even with diseases that have only symtomayic spread. #WearAMask https://t.co/VicKmYiFZt",2020-04-02 14:16:51,1245716830313828352,1234668418097278979,sriinmt,"Montana, USA",,,,['WearAMask'],0,0,en,Twitter for iPhone,,
"Feet in the sand. üèñÔ∏è Wore my #bandana mask üò∑ while walking my dog this morning. üêï #dogsofinstagram
#wearamask #covid19 @ Miami Beach, Florida https://t.co/TKZJqTA5JE",2020-04-02 14:32:35,1245720789741076480,25335008,SouthBeachDog,"Miami Beach, FL","[-80.1341, 25.813]","Miami Beach, FL",US,"['bandana', 'dogsofinstagram', 'wearamask', 'covid19']",0,0,en,Instagram,,
#WearAMask,2020-04-02 14:45:51,1245724127996059650,772574933935423488,Cubs_2016_WS,"Illinois, USA",,,,['WearAMask'],0,0,und,TweetDeck,,
"@atrupar Bless His ‚ù§Ô∏è!  It‚Äôs so sweet that the people in Georgia made Poor Brian Kemp honorary Governor for a Day.

Wait!  What? He really IS the Governor of the State of GA?
Oh No!

#WeAreAllInThisTogether 
#WearAMask 
#WashYourHands",2020-04-02 14:50:39,1245725337440452613,764142572,Farbeka,New York,,,,"['WeAreAllInThisTogether', 'WearAMask', 'WashYourHands']",2,2,en,Twitter Web App,1.2457095718695076e+18,288277167.0
"For you and for others:
#WearAMask #StayHome #KeepYourDropletsToYourself

https://t.co/UjtcEJ3kw8 https://t.co/TDUHs5gGWv",2020-04-02 15:11:17,1245730528096968704,145021375,janefitzy52,"Washington, USA",,,,"['WearAMask', 'StayHome', 'KeepYourDropletsToYourself']",0,0,en,Twitter for Android,,
"I‚Äôve read it may be weeks for you to get your #Covidcheck. I pick up food from a premium national grocer and deliver to local food bank once a wk. If you need some help to tide you over, don‚Äôt be hesitant to get in contact w/your local food bank. #WearAMask #SocialDistancing",2020-04-02 15:19:33,1245732610472472577,402091536,MsMariaT,"California, USA",,,,"['Covidcheck', 'WearAMask', 'SocialDistancing']",13,25,en,Twitter for iPhone,,
"Experts tell White House coronavirus can spread through talking or even just breathing
https://t.co/fcP2vRuK1u ‚û°Ô∏è #WearAMask #ProtectAllWorkers #GroceryWorkers",2020-04-02 15:56:42,1245741957156155392,2651794592,PegMargoAnn,USA,,,,"['WearAMask', 'ProtectAllWorkers', 'GroceryWorkers']",0,0,en,Twitter for iPad,,
Essential workers need protection from us #WearAMask #ProtectAllWorkers,2020-04-02 15:59:34,1245742681063665666,2651794592,PegMargoAnn,USA,,,,"['WearAMask', 'ProtectAllWorkers']",2,2,en,Twitter for iPad,,
"The answer is yes!
Is It Time That We All Start Wearing Masks? https://t.co/WMNkjR8g5V via @medscape
#covid19 #wearamask #masks4all",2020-04-02 16:17:11,1245747112115134464,1076968471,SeanELThompson,"Toronto, Ontario",,,,"['covid19', 'wearamask', 'masks4all']",1,1,en,Twitter Web Client,,
"People, wearing face masks works. Celebrities wear them even on TV! Side benefit: we are now forced to not judge a book by its cover.  #WearAMask  #Taiwanhelps #TaiwanCanHelp #COVID19Pandemic #COVID19 @maddow @ChrisCuomo https://t.co/KX6ucmgrph",2020-04-02 16:21:24,1245748175622856714,38713265,paleofatty,,,,,"['WearAMask', 'Taiwanhelps', 'TaiwanCanHelp', 'COVID19Pandemic', 'COVID19']",0,1,en,Twitter Web App,,
"100 Masks are going out today!!! 
.
.
.
#blacqskirt #phillyboutique #facemask #goodmorning #nosleep #sewing #besafe #covid #corona #wearamask #washyourhands #stayhome https://t.co/AUCW45Xwgm",2020-04-02 16:43:54,1245753837069250566,1372163719,Blacqskirt,"Philadelphia, PA",,,,"['blacqskirt', 'phillyboutique', 'facemask', 'goodmorning', 'nosleep', 'sewing', 'besafe', 'covid', 'corona', 'wearamask', 'washyourhands', 'stayhome']",0,1,en,Instagram,,
El Ayto de Forte dei Marmi (Toscana) obliga a sus ciudadanos a utilizar mascarillas. As√≠ s√≠! #wearamask #pontemascarilla https://t.co/B56R8TeNRT,2020-04-02 16:55:57,1245756869572001795,303766694,josef_gv7,Zamora-Barcelona,,,,"['wearamask', 'pontemascarilla']",0,0,es,Twitter Web Client,,
"https://t.co/jBNfDhKbfS
#StayHomeSaveLives
#ThankYouNHS #thankyoukeyworkers #coronavirus #covid19UK #WearAMask #StayHome #staysafe https://t.co/Nj3sQoQT3v",2020-04-02 17:16:18,1245761989571489806,341475981,Dh2uv,"London, England",,,,"['StayHomeSaveLives', 'ThankYouNHS', 'thankyoukeyworkers', 'coronavirus', 'covid19UK', 'WearAMask', 'StayHome', 'staysafe']",1,1,und,Twitter for Android,,
#giraffe #giraffes #springisintheair #wearamask #zoo #peeking #giraffelife #giraffelove #behindthefence #walkinthepark #tbt #audobonpark #weareinthistogether #globalvillage @ Audubon Zoo https://t.co/qBpdOdl9Ty,2020-04-02 17:18:42,1245762593945538560,3286024285,GVvidiot,,,,,"['giraffe', 'giraffes', 'springisintheair', 'wearamask', 'zoo', 'peeking', 'giraffelife', 'giraffelove', 'behindthefence', 'walkinthepark', 'tbt', 'audobonpark', 'weareinthistogether', 'globalvillage']",0,0,fr,Instagram,,
ü¶†This is why we need to wear a mask‚ÄºÔ∏è #coronavirus #COVID19 #WearAMask https://t.co/yvain0XS2R,2020-04-02 17:21:25,1245763277218512898,16315143,kelly2277, Global,,,,"['coronavirus', 'COVID19', 'WearAMask']",22,21,en,Twitter for iPhone,,
RT @kelly2277: ü¶†This is why we need to wear a mask‚ÄºÔ∏è #coronavirus #COVID19 #WearAMask https://t.co/yvain0XS2R,2020-04-02 17:34:17,1245766514789105664,21383314,ladyjaka22,"California, USA",,,,"['coronavirus', 'COVID19', 'WearAMask']",22,0,en,Twitter for iPhone,,
"How tragic ... he had all the knowledge in the world about ARDS but his life was still taken by this horrific complication of #coronavirus 

We need therapies for ARDS prevention and treatment 

Until then #StayAtHome #WearAMask to protect high risk patients like this #healthhero https://t.co/t0e93GSb6G",2020-04-02 17:47:11,1245769762896072704,879161563,CMichaelGibson,Harvard Professor & MD,,,,"['coronavirus', 'StayAtHome', 'WearAMask', 'healthhero']",37,86,en,Twitter for iPhone,,
"RT @Helenhs: This is why you should wear a mask. 

In countries where people wore masks, they bent the curve! 

#Covid_19 
#WearAMask 
#Sta‚Ä¶",2020-04-02 17:58:46,1245772677887012865,3044470020,joluko7,One location of The Musketeers,,,,"['Covid_19', 'WearAMask']",86,0,en,Twitter for iPad,,
"NUMBER OF CONFIRMED CASES IN THE WORLD

1,000,000!!!!! ONE MILLION REACH!!!! 
YOU NEED MASKS!!!!!!!

#COVID„Éº19 #COVID19 #WearAMask https://t.co/jwy8Ti6OCZ",2020-04-02 18:05:20,1245774331709247488,1227964304323776512,covid19world,,,,,"['COVID„Éº19', 'COVID19', 'WearAMask']",0,0,en,Twitter Web App,,
#COVID„Éº19 #Coronavirus #Alcohol #StarterPack #WashYourHands #WearAMask #DrinkMoreAlcohol https://t.co/f3KBGBZ2ti,2020-04-02 18:19:57,1245778007610056709,20897468,kraCKerthanas,"Huntington Beach, CA",,,,"['COVID„Éº19', 'Coronavirus', 'Alcohol', 'StarterPack', 'WashYourHands', 'WearAMask', 'DrinkMoreAlcohol']",0,1,und,Twitter for iPhone,,
"Presymptomatic coronavirus patients can spread illness for 1-3 days before showing signs, CDC report says https://t.co/I8q1ONpI6l #FoxNews 
#WearAMask",2020-04-02 18:26:07,1245779561909870592,3196909639,R3Thorns,"California, USA",,,,"['FoxNews', 'WearAMask']",3,3,en,Twitter Web App,,
#Wearamask  #Masks4All During this challenging time of the #CoronaVirus #COVID19 We all need to help each other by ALWAYS WEARING A #Mask! If we had all done that since the day one the intensity of the spread of the #Virus w'd not be so horrific!https://t.co/kXUsSXHD8C #Maskhelps,2020-04-02 18:42:39,1245783722739335179,525725211,SupportPets,South Florida,,,,"['Wearamask', 'Masks4All', 'CoronaVirus', 'COVID19', 'Mask', 'Virus', 'Maskhelps']",0,0,en,Twitter Web App,,
"You have one of 2 options. Watch the rate of infected increase, or try solving the problem. It's not too late to save millions of lives and months of unnecessary quarantine. #WearAMask https://t.co/8wIK70QVN2",2020-04-02 18:48:06,1245785094696185856,4804686176,YangGangKW,,,,,['WearAMask'],0,1,en,Twitter for iPhone,,
@RockyMountViews I wear one.  I don‚Äôt care.  I protect you.  You protect me‚Äù.  #WearAMask,2020-04-02 18:48:17,1245785138757341184,263675001,tjk_photography,Boston,,,,['WearAMask'],0,0,en,Twitter for iPhone,1.2453463830259425e+18,1.060547875220779e+18
"Getting difficult to watch this in slow motion. Is it just because corporations need to work their citizens to the bone even in dangerous conditions? WHY aren't we there yet, @CDCgov ? You and the WHO KNOW masks work!! #Masks4All #MasksForAll #WearAMask

https://t.co/5t7g8o4yRn",2020-04-02 18:49:14,1245785380340633601,1112982741056798720,cosmicprank,"San Luis Obispo, California",,,,"['Masks4All', 'MasksForAll', 'WearAMask']",0,1,en,Twitter Web App,,
#WearAMask https://t.co/1KJjIkkUYZ,2020-04-02 18:52:49,1245786279188418560,433558111,JBEnglish1,"Burbank, CA",,"Los Angeles, CA",US,['WearAMask'],0,0,und,Twitter for iPad,,
"#Maskvangelism
#WearAMask
Aww ... every cat person is gonna want to know where to get this one. (DIY!!) https://t.co/gnLdZAqoDu",2020-04-02 19:10:32,1245790737318338561,16581485,Dktr_Sus,Seattle /Waimanalo /Fethiye,,,,"['Maskvangelism', 'WearAMask']",0,0,en,Twitter Web App,,
@DHotwheelz Like and retweet #WearAMask please..!,2020-04-02 19:11:54,1245791083159793664,4804686176,YangGangKW,,,,,['WearAMask'],2,5,en,Twitter for iPhone,1.2456012726500106e+18,1.183570925968679e+18
"@HesperaSmith Post a selfie of you in your mask -- the more creative the better! 
#Challenge
#Maskvangelism
#WearAMask",2020-04-02 19:13:30,1245791486815244288,16581485,Dktr_Sus,Seattle /Waimanalo /Fethiye,,,,"['Challenge', 'Maskvangelism', 'WearAMask']",1,1,en,Twitter Web App,1.2454730121466798e+18,3294442539.0
"@DisruptionJoe I have a few funny masks, too. (Haven't worn this one out yet -- need matching gloves &amp; ears)
#WearAMask
#MaskVangelism &lt;--- see more creative mask selfies from others https://t.co/ll7ZAmdZQL",2020-04-02 19:34:00,1245796646237028357,16581485,Dktr_Sus,Seattle /Waimanalo /Fethiye,,,,"['WearAMask', 'MaskVangelism']",0,1,en,Twitter Web App,1.2453642067293798e+18,8.607306805814067e+17
"Found this Improved Mask Tutorial from a Seamstress

https://t.co/dtAXnrFMKe

#WearAMask #Covid19 #coronavirus",2020-04-02 19:35:27,1245797011028234240,35519472,Ekudram,Nibiru,,,,"['WearAMask', 'Covid19', 'coronavirus']",2,2,en,Twitter Web App,,
"@SuperLinville Yes! People with glasses are having problems with fogging. Any ideas? Post a selfie with your masks!
#MaskVangelism
#WearAMask",2020-04-02 19:41:09,1245798442263130114,16581485,Dktr_Sus,Seattle /Waimanalo /Fethiye,,,,"['MaskVangelism', 'WearAMask']",0,0,en,Twitter Web App,1.245795383470633e+18,54696618.0
"#WearAMask if you're going to be around anyone. Seriously, why take the risk? Look at Japanese and Korean response to #COVID19 if you want to see evidence of the effects of taking this simple precaution. America is already dangerously behind the curve, let's not make it worse. https://t.co/eznLB7rhel",2020-04-02 19:41:13,1245798459443044352,13519072,justinsullivan,"Los Angeles, CA",,,,"['WearAMask', 'COVID19']",0,0,en,Twitter Web App,,
"@DrDenaGrayson @MIT This is why we wear masks - to protect OTHERS!
Normalize mask use - post a selfie with yours!
#MaskVangelism
#WearAMask",2020-04-02 19:43:03,1245798919965040640,16581485,Dktr_Sus,Seattle /Waimanalo /Fethiye,,,,"['MaskVangelism', 'WearAMask']",0,0,en,Twitter Web App,1.2450446313325855e+18,1651522832.0
"@stevenstearns Yes! Time to normalize mask-wearing (and have some fun with it). Post a selfie with your mask! 
See some of the creative DIY ones:
#MaskVangelism
#WearAMask",2020-04-02 19:52:50,1245801383703375872,16581485,Dktr_Sus,Seattle /Waimanalo /Fethiye,,,,"['MaskVangelism', 'WearAMask']",1,1,en,Twitter Web App,1.2458007226351124e+18,18580853.0
"As I said a month ago, we would have far fewer cases if everyone would #WearAMask
@CDCgov @ScottGottliebMD #epidemiology
https://t.co/ecPPd1lTr9",2020-04-02 20:10:59,1245805952135290881,713557917,BenLocwin,,,,,"['WearAMask', 'epidemiology']",1,2,en,Twitter for Android,,
"@YachiAbunai Yay, for Grandmas! Post your selfies with masks.
#Masks4All #WearAMask #Maskvangelism",2020-04-02 20:28:00,1245810235803041793,16581485,Dktr_Sus,Seattle /Waimanalo /Fethiye,,,,"['Masks4All', 'WearAMask', 'Maskvangelism']",0,1,en,Twitter Web App,1.2454929601810596e+18,1.1175352774368748e+18
"Wear a mask. It‚Äôs simple. Leave the PPE for hospital workers, wrap a scarf around your face. It‚Äôs in the air. Of course it is. So:  #WearAMask https://t.co/Oebkp93B9V",2020-04-02 21:01:00,1245818538301870080,42052422,NiaVardalos,In your closet,,,,['WearAMask'],14,61,en,Twitter for iPhone,,
Charlie Puth has never looked sexier. #WearAMask #MasksSaveLives #Mascs4Masks üò∑ https://t.co/5WRvma91wf,2020-04-02 21:04:50,1245819503621087234,35313089,kenmhaggerty,STL / NYC,,,,"['WearAMask', 'MasksSaveLives', 'Mascs4Masks']",0,1,en,Twitter for iPhone,,
"Grocery run got me lookin like Subzero from Mortal Kombat #fightcovid19 #mortalkombat #subzero #staysafe #prayfornewyork #wearamask @ New York, New York https://t.co/bTxMS9V7Vz",2020-04-02 21:30:22,1245825928795652096,68684464,stevenchelliah,New York City,"[-74.0064, 40.7142]","Manhattan, NY",US,"['fightcovid19', 'mortalkombat', 'subzero', 'staysafe', 'prayfornewyork', 'wearamask']",0,2,en,Instagram,,
#besafe #wearamask #StopTheSpread https://t.co/2IpyJir0aK,2020-04-02 21:48:08,1245830401165320193,1035655916979449856,Jennife43550390,"Texas, USA",,,,"['besafe', 'wearamask', 'StopTheSpread']",0,0,und,Twitter for iPhone,,
Does anyone else out there feel that the WHO has done humans a disservice by discouraging masks? Don‚Äôt @ me about what our local experts recommend. They are wrong. Lots of data available showing masks=üëç. No data available that masks=üëé. #yeg #ableg #wearamask #who,2020-04-02 21:58:58,1245833125776637952,26156180,rosepoptosis,"Edmonton, Alberta",,,,"['yeg', 'ableg', 'wearamask', 'who']",0,2,en,Twitter for iPhone,,
@YangJews @AndrewYang #WearAMask,2020-04-02 22:01:34,1245833779681386497,4804686176,YangGangKW,,,,,['WearAMask'],0,2,und,Twitter for iPhone,1.2457869606244844e+18,1.1628248928380273e+18
YOU FOOLS - #WearAMask. Pay no attention to anyone telling you that masks don't matter. Such fools have always been &amp; always will be - even if they are Canada's Chief Public Health Officer @CPHO_Canada. #COVID19 #COVIDIOTS https://t.co/NDEGAqnsoe https://t.co/vFICXaBVUZ,2020-04-02 22:04:47,1245834591002296328,3063752230,DonaldBestCA,"Greater Toronto, Canada",,,,"['WearAMask', 'COVID19', 'COVIDIOTS']",3,13,en,Twitter Web App,,
This should have been done two months ago. #WearAMask https://t.co/ar6ECoO1eg,2020-04-02 22:25:12,1245839727380410368,37294647,evagolinger,Anarchist Jurisdiction,,,,['WearAMask'],9,15,en,Twitter for iPhone,,
"‚ÄúWe first tested a SARS-CoV monoclonal derived via phage display and antibody escape (Fm6) (14) and found both wild-type SARS-CoV Urbani and WIV1-MA15 were strongly neutralized at low antibody concentrations (Fig. 4A)‚Äù‚Äî 

#COVID19Pandemic #TheyAllKnew 

#WearAMask for now https://t.co/FNOm4kaYh2",2020-04-02 22:35:53,1245842417862893569,956213016521072645,Relic_USA,"Houston, TX",,,,"['COVID19Pandemic', 'TheyAllKnew', 'WearAMask']",0,0,en,Twitter for iPhone,,
@Mrs_OBoyle You too. Stay safe. #wearamask,2020-04-02 22:42:43,1245844135401017344,42052422,NiaVardalos,In your closet,,,,['wearamask'],1,2,en,Twitter for iPhone,1.2458436327094968e+18,1406105228.0
RT @evagolinger: This should have been done two months ago. #WearAMask https://t.co/ar6ECoO1eg,2020-04-02 22:45:17,1245844782607458305,145787855,Alfarmi,Gl0b4ln3t,,,,['WearAMask'],9,0,en,Twitter Web App,,
"Is the coronavirus airborne? Experts can‚Äôt agree.

There is preliminary evidence that airborne transmission ‚Äî in which the disease spreads in the much smaller particles from exhaled air, known as aerosols ‚Äî is occurring.

#WearAMask  #ItsAllTrumpsFault 
https://t.co/GpqrgQg3hZ",2020-04-02 22:55:00,1245847228356255744,4000515677,_V3ritas,"Wisconsin, USA",,,,"['WearAMask', 'ItsAllTrumpsFault']",21,25,en,Twitter Web App,,
"Saw someone shambling down the street just now, no mask, a far away look on their eyes... and my stomach dropped.

A momentary panic as my brain warned me -- they could be Infected! üßü

üò∑ #WearAMask #StayHomeSavesLives  üò∑",2020-04-02 22:56:54,1245847704749539335,18809935,aevavoom,a üè∞ in the üåå,,,,"['WearAMask', 'StayHomeSavesLives']",1,2,en,Twitter for Android,,
We worry. Please #WearAMask when you shop. https://t.co/0i87y8mPz1,2020-04-02 22:58:49,1245848186700234752,2651794592,PegMargoAnn,USA,,,,['WearAMask'],0,1,en,Twitter for iPad,,
@funder #WearAMask #COVID„Éº19 https://t.co/VEW9RIO6SO,2020-04-02 22:58:54,1245848211312558082,1178720037240262657,AtahinaD,"Roubaix, France",,,,"['WearAMask', 'COVID„Éº19']",3,6,und,Twitter for Android,1.2456962181494088e+18,14247236.0
"#justtheflu right? 1918, guess what everyone is sporting on their face. #wearamask https://t.co/QEwbYYRfeg",2020-04-02 23:00:08,1245848520717787136,919507145904734208,ashizawa,"Washington, USA",,,,"['justtheflu', 'wearamask']",3,3,en,Twitter for iPhone,,
More Americans have died from covid19 than September 11 attacks. #WearAMask,2020-04-02 23:00:29,1245848609842696198,4804686176,YangGangKW,,,,,['WearAMask'],1,1,en,Twitter for iPhone,,
This aged well. #CoronavirusPandemic #Rona #COVID„Éº19 #WearAMask https://t.co/gpDtNhrMhG,2020-04-02 23:00:52,1245848705267163136,965903694171697152,KimDaughertyVA,"Virginia, USA",,,,"['CoronavirusPandemic', 'Rona', 'COVID„Éº19', 'WearAMask']",1,2,en,Twitter for iPhone,,
RT @evagolinger: This should have been done two months ago. #WearAMask https://t.co/ar6ECoO1eg,2020-04-02 23:12:14,1245851563106750465,2243557853,HectorPernia6,,,,,['WearAMask'],9,0,en,Twitter for iPad,,
"@Gordotango @SaskiaPopescu exactly.  And the first just means we need to tell people ""stay at home, but when you go out to go grocery shopping, #wearamask"".  Pretty simple.",2020-04-02 23:15:10,1245852303136976896,1248421,pbrane,"Seattle, WA",,,,['wearamask'],2,5,en,Twitter Web App,1.2458244910175314e+18,41016736.0
@AndrewYang #WearAMask https://t.co/OyL1NYD8jU,2020-04-02 23:22:01,1245854025183948801,4804686176,YangGangKW,,,,,['WearAMask'],10,44,und,Twitter for iPhone,1.2458538510658437e+18,2228878592.0
RT @KimDaughertyVA: This aged well. #CoronavirusPandemic #Rona #COVID„Éº19 #WearAMask,2020-04-02 23:38:55,1245858281140006913,4804686176,YangGangKW,,,,,"['CoronavirusPandemic', 'Rona', 'COVID„Éº19', 'WearAMask']",1,0,en,Twitter for iPhone,,
RT @YanggangKW: More Americans have died from covid19 than September 11 attacks. #WearAMask,2020-04-02 23:39:02,1245858308373663751,4804686176,YangGangKW,,,,,['WearAMask'],1,0,en,Twitter for iPhone,,
"I‚Äôm not a medical professional, but if you have to leave your house, wear a mask. Stay at home unless you need food or medications.  Observe physical distance. #WearAMask",2020-04-03 00:32:23,1245871733514657793,322869357,DuchyLG,Illinois,,,,['WearAMask'],0,3,en,Twitter for iPhone,,
"https://t.co/Z3gMKFSNbQ
#WearAMask https://t.co/S9ko2DMInE",2020-04-03 00:54:12,1245877225519546369,2418033648,jnugget29,,,,,['WearAMask'],0,0,und,Twitter Web App,,
RT @YanggangKW: @DHotwheelz Like and retweet #WearAMask please..!,2020-04-03 00:56:07,1245877708736860160,1188670237790687232,M60192272,,,,,['WearAMask'],2,0,en,Twitter for Android,,
"@Elex_Michaelson #StayHome #FlattenTheCurve If you do have to go out, #WearAMask or bandana or a DIY no-sew-mask
https://t.co/jVmdRT6E9e",2020-04-03 01:15:18,1245882536359682049,1045449387160174594,y0jimbo1,,,,,"['StayHome', 'FlattenTheCurve', 'WearAMask']",0,0,en,Twitter Web App,1.2456086229622743e+18,9.374224463233147e+17
"Saying wear a ""cloth"" mask is redundant: it's the only kind available.

This distinction between N95 and other kinds of masks is still about deflecting their culpability in waiting too long to recommend #WearAMask.

#Masks4All",2020-04-03 01:34:36,1245887391690305542,3157242513,witlessX,Norwottuck,,,,"['WearAMask', 'Masks4All']",0,2,en,Twitter for Android,,
"It was brought to my attention today that wearing a mask is very challenging for someone who is deaf. They are no longer able to read lips. If you know someone deaf, consider helping them.  We can use this time to learn a few words in sign also. #stayhome #wearamask",2020-04-03 01:55:33,1245892663494070272,748188412578955264,Revwaukena2,"West Hollywood, CA",,"West Hollywood, CA",US,"['stayhome', 'wearamask']",0,0,en,Twitter for iPhone,,
Thank you for the shout @_WillChambers üò∑üôèüèº‚ù§Ô∏è #wearamask #flattenthecurve #ThankYouHealthHeroes https://t.co/TTfKHcXvHs,2020-04-03 02:30:42,1245901511126847491,19173816,terannhilow,on top of the world ,,,,"['wearamask', 'flattenthecurve', 'ThankYouHealthHeroes']",2,28,en,Twitter for iPhone,,
"@yayayarndiva @jenbrea @medicalaxioms The point is - anyone could be an asymptomatic carrier. non-medical people  do not need medical-grade masks, but they do need to NOT breathe on others.
#WearAMask
#Masks4All",2020-04-03 02:31:05,1245901604940697600,16581485,Dktr_Sus,Seattle /Waimanalo /Fethiye,,,,"['WearAMask', 'Masks4All']",0,0,en,Twitter Web App,1.245900971093291e+18,27818124.0
The coronavirusspreads by droplets I don‚Äôt see why a wearing a mask coul harm anyone.  #WearAMask,2020-04-03 02:32:08,1245901872092848130,2312782782,MadelineFlorida,"Florida, USA-Cuba-American",,,,['WearAMask'],0,1,en,Twitter for iPhone,,
"#MaskVangelism
#WearAMask https://t.co/qYTdp0to87",2020-04-03 02:34:06,1245902367892987905,16581485,Dktr_Sus,Seattle /Waimanalo /Fethiye,,,,"['MaskVangelism', 'WearAMask']",0,0,und,Twitter Web App,,
Credit to my sister Elaina for the new mask #Masks4All #WearAMask #MasksForAll #Facemasks https://t.co/bLKRw5RVFn,2020-04-03 02:36:49,1245903049442246657,1112982741056798720,cosmicprank,"San Luis Obispo, California",,,,"['Masks4All', 'WearAMask', 'MasksForAll', 'Facemasks']",1,2,en,Twitter Web App,,
RT @terannhilow: Thank you for the shout @_WillChambers üò∑üôèüèº‚ù§Ô∏è #wearamask #flattenthecurve #ThankYouHealthHeroes https://t.co/TTfKHcXvHs,2020-04-03 03:04:00,1245909892466192385,3301161964,AricManthey,,,,,"['wearamask', 'flattenthecurve', 'ThankYouHealthHeroes']",2,0,en,Twitter for iPhone,,
"""While preventing viral spread is a societal good, avoiding high-dose infections is a personal imperative, even for young healthy people.""

https://t.co/QU79Jsai2G

#COVID19 #WearAMask #Masks4All #YoungPeople",2020-04-03 03:08:58,1245911142376943621,918331112,mary_sorensen,,,,,"['COVID19', 'WearAMask', 'Masks4All', 'YoungPeople']",0,0,en,Twitter Web App,,
#wearamask every time you go out #usatapabocas üò∑ cada que salgas de casa #stayathome #quedateencasa @ St Charles Borromeo Catholic Church https://t.co/65SYF4bSWO,2020-04-03 03:21:46,1245914361509658624,47970230,miguelsolorzano,"Houston, Texas, USA","[-95.36896155, 29.84737271]","Houston, TX",US,"['wearamask', 'usatapabocas', 'stayathome', 'quedateencasa']",1,1,en,Instagram,,
"Adjusting to the new way of life. #wearamask #socialdistancing @ Aiea, Hawaii https://t.co/UtsHcaL2AV",2020-04-03 03:50:06,1245921491381714945,84686823,jodi_uehara,Hawaiian Islands,"[-157.93083, 21.38583]","Aiea, HI",US,"['wearamask', 'socialdistancing']",0,0,en,Instagram,,
"If you have to go out and can‚Äôt avoid being around people, wear a mask.  Masks are a complement to social distancing, washing hands thoroughly on a regular basis and other @CDC recommended measures. https://t.co/x91K90DrLZ #wearamask #Corvid19 #coronavirus #Corvid_19 #psa",2020-04-03 04:09:45,1245926438143807489,82208845,NYCMediaMix,New York City,,,,"['wearamask', 'Corvid19', 'coronavirus', 'Corvid_19', 'psa']",0,0,en,Twitter for iPhone,,
"RT @Helenhs: This is why you should wear a mask. 

In countries where people wore masks, they bent the curve! 

#Covid_19 
#WearAMask 
#Sta‚Ä¶",2020-04-03 05:09:36,1245941499034046464,177698956,Larissa_florida,"Orlando, FL",,,,"['Covid_19', 'WearAMask']",86,0,en,Twitter for iPhone,,
"Good morning from France.

¬´¬†One ought, every day at least, to hear a little song, read a good poem, see a fine picture, and, if it were possible, to speak a few reasonable words.¬†¬ª - Goethe

You are my light. #stayhome #staysafe #WearAMask #WashYourHands",2020-04-03 05:29:48,1245946584585641985,42074224,lifesafeast,"Chinon, France",,,,"['stayhome', 'staysafe', 'WearAMask', 'WashYourHands']",8,74,en,Twitter for iPhone,,
#boycott3M #WearAMask Check out our luxury masks that also offer the best activated carbon filters available on earth :) https://t.co/XgYQJ40R5d,2020-04-03 06:01:25,1245954539552980992,1241050548390047746,maskingfashion,NYC - Proudly made,,,,"['boycott3M', 'WearAMask']",0,0,en,Twitter Web App,,
"Alaska has been doing great with #SocialDistancing (go figure). Let's up our game and #WearAMask. üò∑
https://t.co/pVs7BJ6Yj2",2020-04-03 07:27:07,1245976107901321218,626714147,ArcticRoc,Alaska üá∫üá≤ / Finland üá´üáÆ,,,,"['SocialDistancing', 'WearAMask']",1,1,en,Twitter for Android,,
#WearAMask #COVID19au https://t.co/o9SmxYzhNI,2020-04-03 07:39:21,1245979186113548288,2816336737,SubbuSul,"Melbourne, Victoria",,,,"['WearAMask', 'COVID19au']",0,0,und,Twitter for Android,,
"Howard Hughes Medical Institute Image of The Week: sneeze cloud versus droplets | Bourouiba Group 

Me: ~ grateful for good teachers who taught us this in elementary school, about how far sneezes travel

#WearAMask #COVID19Pandemic
#WeAreAllInThisTogether  https://t.co/t8vjRkyH2w",2020-04-03 07:39:59,1245979344243220480,956213016521072645,Relic_USA,"Houston, TX",,,,"['WearAMask', 'COVID19Pandemic', 'WeAreAllInThisTogether']",0,0,en,Twitter for iPhone,,
#WearAMask https://t.co/dVdw6XP4zq,2020-04-03 08:22:56,1245990152960344064,34907260,michaeldacosta,London,,,,['WearAMask'],0,0,und,Twitter Web App,,
"RT @ArcticRoc: Alaska has been doing great with #SocialDistancing (go figure). Let's up our game and #WearAMask. üò∑
https://t.co/pVs7BJ6Yj2",2020-04-03 08:34:24,1245993038234583040,1074052131869454336,kasserole7,"Anchorage, AK",,,,"['SocialDistancing', 'WearAMask']",1,0,en,Twitter for Android,,
RT @AtahinaD: @funder #WearAMask #COVID„Éº19 https://t.co/VEW9RIO6SO,2020-04-03 09:28:03,1246006541393723392,789590215283408896,FreedomFighta76,United States,,,,"['WearAMask', 'COVID„Éº19']",3,0,und,Twitter for iPhone,,
"Jared Kushner voted ‚ÄúBest Man for Every Job‚Äù by Trump‚Äôs newly purchased Guinness Book of World Records.

{Don Jr. voted ‚ÄúBest Person to Kill Endangered Species‚Äù} 

#WearAMask 
#WashYourHands https://t.co/Ofx6XmNzUJ",2020-04-03 10:30:34,1246022271698907136,764142572,Farbeka,New York,,,,"['WearAMask', 'WashYourHands']",0,0,en,Twitter Web App,,
"RT @Ekudram: Found this Improved Mask Tutorial from a Seamstress

https://t.co/dtAXnrFMKe

#WearAMask #Covid19 #coronavirus",2020-04-03 10:32:15,1246022696577708032,1116830022071930880,driphtwood,"Reidsville, NC",,,,"['WearAMask', 'Covid19', 'coronavirus']",2,0,en,Twitter for Android,,
"@rmayemsinger @longhorn12471 He often gets carried away!

Remember, he‚Äôs still talking about the crowd size at his inauguration and the number of Electoral College votes he won.

Sad.
#WearAMask 
#WashYourHands 
#COVID2019 https://t.co/G8B4CK2npc",2020-04-03 11:13:46,1246033144589029376,764142572,Farbeka,New York,,,,"['WearAMask', 'WashYourHands', 'COVID2019']",0,1,en,Twitter Web App,1.2458315300033495e+18,372563164.0
"The White House is expected to issue new guidance to Americans in Coronavirus hot spots: Cover your face, and wear a mask. https://t.co/qEuOSjWR2D #coronavirus #wearamask #Covid19 #hotspots",2020-04-03 11:43:10,1246040541353193472,426700365,RichTettemer,"Chicopee, MA",,,,"['coronavirus', 'wearamask', 'Covid19', 'hotspots']",1,6,en,SocialNewsDesk,,
"@10DowningStreet Testing cannot stop #WuhanCoronaVirus from spreading.

Wearing masks can.

DIY mask:
https://t.co/ghgPSdUwNM

#WearAMask https://t.co/HgWUxIhp4o",2020-04-03 12:03:15,1246045596214939648,1169518348989652995,HkWinsome,,,,,"['WuhanCoronaVirus', 'WearAMask']",0,0,en,Twitter Web App,1.24578765035273e+18,14224719.0
"Please everyone #wearamasküò∑ . If you have to go outside take precautions. If not #stayathome 
#notahoax
#takeitseriously @ New York, New York https://t.co/suQkiozCov",2020-04-03 12:19:01,1246049565297397768,590243316,RafaelRufus1968,New York City,"[-74.0064, 40.7142]","Manhattan, NY",US,"['wearamask', 'stayathome', 'notahoax', 'takeitseriously']",0,0,en,Instagram,,
"@DocAtCDI Can a superego have a fake id?

#WashYourHands 
#wearamask
#WeAreAllInThisTogether",2020-04-03 12:30:24,1246052427893178370,764142572,Farbeka,New York,,,,"['WashYourHands', 'wearamask', 'WeAreAllInThisTogether']",0,0,en,Twitter Web App,1.2460512450910986e+18,282619516.0
It‚Äôs hard to believe it‚Äôs Friday!  But serious question...are you wearing a mask outside?  Please do!  https://t.co/4t0ZTuuwVi #corona #coronavirus #mask #wearamask #cdc #friday #seriousquestion #responsibleliving https://t.co/kCz0jLDHzo,2020-04-03 12:53:29,1246058237025071105,126473412,Compete2Beat,"Los Angeles, CA",,,,"['corona', 'coronavirus', 'mask', 'wearamask', 'cdc', 'friday', 'seriousquestion', 'responsibleliving']",0,0,en,Twitter for iPhone,,
#WearAMask homemade is A-Ok. #ProtectAllWorkers #WhereAreTheMasks https://t.co/jMHzH1Un5V,2020-04-03 12:56:49,1246059078796918784,2651794592,PegMargoAnn,USA,,,,"['WearAMask', 'ProtectAllWorkers', 'WhereAreTheMasks']",0,2,en,Twitter for iPhone,,
"Experts are now saying we need to wear a mask in public. This is all I have, and it‚Äôs guaranteed to ensure social distancing. @StockCats #COVID19 #CoronavirusOutbreak #WearAMask https://t.co/SHU6QlzLnW",2020-04-03 13:01:23,1246060228455665667,921464372,NickVitani,"Windermere,FL & the Caribbean",,,,"['COVID19', 'CoronavirusOutbreak', 'WearAMask']",2,29,en,Twitter for iPhone,,
#WearAMask,2020-04-03 13:04:48,1246061087058882561,25520219,dankleinsorge,,,,,['WearAMask'],0,1,und,Twitter for Android,1.2460593794611978e+18,25520219.0
"What is the difference between a surgical mask and a respirator? A homemade mask is intended to catch water droplets to mitigate some risk. Get and give help to others on the free #PubSafe community app, available on either app store.  #wearamask https://t.co/hLPRsg0x5j",2020-04-03 13:10:14,1246062456058847234,959131883018780672,PubSafeNetwork,"Tampa, FL",,,,"['PubSafe', 'wearamask']",0,0,en,Hootsuite Inc.,,
"Bad advice on mask-wearing has cost thousands of lives. Masks:

- Protect others if you‚Äôre sick
- Protect others if you‚Äôre an asymptomatic virus carrier
- Protect yourself better than wearing nothing
- Discourage face touching
- Can be made if you can‚Äôt buy them

#WearAMask",2020-04-03 13:11:21,1246062735814619139,14233861,suren_g,Hong Kong,,,,['WearAMask'],3,2,en,Twitter for iPhone,,
"@Kyle_MacLachlan Stay Safe, Kyle!!! Wear A Mask!üò∑üëçüèª #WearAMask #StayHomeSaveLives #StayHomeStaySafe #WashYourHands #DaleCooper #KyleMacLachlan #StopTheSpreadOfCorona #CoronaPandemic #QuarantineLife #TwinPeaks #TwinPeaksTheReturn #MarkFrost #DavidLynch #TwinPeaksArt #DigitalArt #RinaldoZoontjes https://t.co/f2f1CiVTEG",2020-04-03 13:11:35,1246062795344445441,94637632,RinaldoZoontjes,"Planet Earth, Milky Way Galaxy",,,,"['WearAMask', 'StayHomeSaveLives', 'StayHomeStaySafe', 'WashYourHands', 'DaleCooper', 'KyleMacLachlan', 'StopTheSpreadOfCorona', 'CoronaPandemic', 'QuarantineLife', 'TwinPeaks', 'TwinPeaksTheReturn', 'MarkFrost', 'DavidLynch', 'TwinPeaksArt', 'DigitalArt', 'RinaldoZoontjes']",2,11,en,Twitter for iPhone,1.246061193845932e+18,286311652.0
"RT @RinaldoZoontjes: @Kyle_MacLachlan Stay Safe, Kyle!!! Wear A Mask!üò∑üëçüèª #WearAMask #StayHomeSaveLives #StayHomeStaySafe #WashYourHands #Da‚Ä¶",2020-04-03 13:12:00,1246062900684472320,78607660,TwinPeaksBlog,"New Jersey, USA",,,,"['WearAMask', 'StayHomeSaveLives', 'StayHomeStaySafe', 'WashYourHands']",2,0,en,Twitter Web App,,
#WearAMask UF Health anesthesiology team devises respirator mask made from existing hospital materials https://t.co/P5WKI8IpP5,2020-04-03 13:19:18,1246064734820020230,19370181,landolakesgirl,"Dahlonega, GA",,,,['WearAMask'],0,0,en,Twitter for iPhone,,
"What you can do each day to slow the spread of COVID-19:

1. #StayHome: protects you from others
2. #WearAMask when out: protects others from you
3. Track #Covid19Symptoms: charts timeline for doctors if you need care
These actions can save lives‚Äîyours and others. https://t.co/ifdMIowneZ",2020-04-03 13:26:55,1246066651117707271,18361691,DSWIII,Los Angeles,,,,"['StayHome', 'WearAMask', 'Covid19Symptoms']",3,3,en,Twitter for iPhone,,
"RT @Helenhs: I don‚Äôt care what CDC advises

If you go out

WEAR A MASK! Any mask! 

#WearAMask 
#COVID„Éº19 
#CoronavirusOutbreak",2020-04-03 13:35:24,1246068786542686209,26037122,GranBreakingBad,,,,,"['WearAMask', 'COVID„Éº19', 'CoronavirusOutbreak']",115,0,en,Twitter for iPad,,
"üìç Irony, eh (?)
As anti - Asian sentiment increases, 
Americans look to Asia for life-saving masks. üìç

 #CoronaVirus #Masks #HowTo
 #StopTheSpray #WearAMask #USA
 https://t.co/kx18wezf4R",2020-04-03 13:44:24,1246071053152997377,17855531,EspenFourOne4,,,,,"['CoronaVirus', 'Masks', 'HowTo', 'StopTheSpray', 'WearAMask', 'USA']",1,0,en,TweetCaster for Android,,
"@PissJugTycoon I can't wait for my 40 year HS reunion, get reacquainted with folks like her: recently out trans, black skinny jeans, black tee shirt, impenetrable dgaf attitude, ...

#WearAMask 
#Masks4All",2020-04-03 13:44:31,1246071082894974976,3157242513,witlessX,Norwottuck,,,,"['WearAMask', 'Masks4All']",0,27,en,Twitter Web App,1.246064722761388e+18,1.1109914047912264e+18
"@AlexMarlow @BreitbartNews @DFBHarvard @DavedaGruber @LisaMei62 @MarilynLavala @NetworksManager @Timcast @EpochTimes @jenniferatntd @news_ntd #CoronaVirusUpdate: @CDCgov to unmask new #COVID19 guidance...

üò∑DON'T BE AN A$$, WEAR A MASKüò∑

@WhiteHouse expected to recommend Americans wear masks to slow #coronavirus spread

https://t.co/ymBYJyutzi
#CCPVirus #COVID19Pandemic #CCPVirus_Coronavirus
#WearAMask #StopTheSpread https://t.co/D2LbCtKEw2",2020-04-03 13:50:45,1246072648867684354,262800088,dmon4ever, üó∫ üëà I was never here üòéüòâ,,,,"['CoronaVirusUpdate', 'COVID19', 'coronavirus', 'CCPVirus', 'COVID19Pandemic', 'CCPVirus_Coronavirus', 'WearAMask', 'StopTheSpread']",69,32,en,Twitter for Android,1.245156000182698e+18,262800088.0
"RT @DSWIII: What you can do each day to slow the spread of COVID-19:

1. #StayHome: protects you from others
2. #WearAMask when out: protec‚Ä¶",2020-04-03 14:06:47,1246076687336509440,23706604,TheKatWill,"Cleveland, OH",,,,"['StayHome', 'WearAMask']",3,0,en,Twitter for iPad,,
"I keep hearing that wearing a mask is not to protect yourself, but to protect others.

By protecting others, I am protecting myself!

The less people that have this virus, the better for all of us!

#WearAMask
#ProtectYourself
#TrumpPandemic
#TrumpVirus",2020-04-03 14:13:50,1246078460755353600,1025394875901112320,JumptyTrumpty,MI-8th,,,,"['WearAMask', 'ProtectYourself', 'TrumpPandemic', 'TrumpVirus']",3,8,en,Twitter Web App,,
Picking up groceries by the curbside service. #WearAMask #weargloves #bettertobesafethansorry #COVID19 #lockdown #besmart #BeSafe ‚ù§Ô∏è https://t.co/rkr2ibbgRD,2020-04-03 14:42:29,1246085668759056385,2350097663,jessiebentley86,United States,,,,"['WearAMask', 'weargloves', 'bettertobesafethansorry', 'COVID19', 'lockdown', 'besmart', 'BeSafe']",1,4,en,Twitter for iPhone,,
#WearAMask,2020-04-03 14:47:47,1246087003650826240,182768136,candelassastre,Instagram @candelassastre,,,,['WearAMask'],0,0,und,Twitter for iPhone,,
Putting on a mask may save lives ‚Äî here‚Äôs a great way to make one so that we‚Äôre not taking them from #HealthcareHeroes #StayHomeSaveLives but if you have to go out #WearAMask https://t.co/SzYgYS5hps,2020-04-03 14:53:38,1246088475008544768,19304969,laurasilber,"New York, NY ",,,,"['HealthcareHeroes', 'StayHomeSaveLives', 'WearAMask']",3,8,en,Twitter for iPhone,,
"#WearAMask or some form of facial protection that covers the nose and mouth WHENEVER you are outside or in a PUBLIC SPACE...AT ALL TIMES!!! PERIOD. Also please keep your conversations to an absolute minimum even if you are wearing a mask. 

üò∑+ü§´=üëçüèæ

Be Safe, #TYPAITH  #COVID19 https://t.co/NIfGtZbc9f",2020-04-03 15:24:16,1246096185372209152,28165335,LupeFiasco,Chicago. IL,,,,"['WearAMask', 'TYPAITH', 'COVID19']",63,169,en,Twitter for iPhone,,
RT @LupeFiasco: #WearAMask or some form of facial protection that covers the nose and mouth WHENEVER you are outside or in a PUBLIC SPACE..‚Ä¶,2020-04-03 15:28:26,1246097233965207552,466950106,FNFAngel,,,,,['WearAMask'],63,0,en,Twitter for iPhone,,
"Save lives, #WearAMask #CoronavirusPandemic https://t.co/HUdTQG6tSX",2020-04-03 15:29:23,1246097471782223872,19304969,laurasilber,"New York, NY ",,,,"['WearAMask', 'CoronavirusPandemic']",0,4,en,Twitter for iPhone,,
562 people died in NY last night from #COVID19 that‚Äôs like 10 bus crashes overnight... #perspective #testingnow #StayHomeSaveLives #WearAMask,2020-04-03 15:32:59,1246098376938131458,14539790,WaynePyle,New York,,"New Paltz, NY",US,"['COVID19', 'perspective', 'testingnow', 'StayHomeSaveLives', 'WearAMask']",0,0,en,Twitter for iPhone,,
"""Are 'silent spreaders' the ones 'driving' COVID-19 cases?""

Of course!

Top German virologist Christian Drosten has not been shutting up about this for a month now, everybody knows this in #Germany.

The #Coronavirus is faster than knowledge.

#WearAMask

https://t.co/rVDs6rYFlR",2020-04-03 15:34:36,1246098783823441921,1239891755283165186,wearamasknow,somewhere in Germany,,,,"['Germany', 'Coronavirus', 'WearAMask']",1,2,en,Twitter Web App,,
RT @FaceBook4Dog: Escape from planet Earth !!!  #coronavirus #coronatakesoverplanetearth #WFH #timetogo #wearamask #dogsinmasks #dogvaccina‚Ä¶,2020-04-03 15:39:41,1246100064277315584,1208956022292914176,AkomoledeG,"California, USA",,,,"['coronavirus', 'coronatakesoverplanetearth', 'WFH', 'timetogo', 'wearamask', 'dogsinmasks']",69,0,en,Twitter for Android,,
"Richard Ebright is a highly qualified expert who recommends that EVERYONE wear a protective mask.

@R_H_Ebright knows what he‚Äôs talking about. Listen to him. 

#WearAMask https://t.co/mhizglns2B https://t.co/sms8rhOVkR",2020-04-03 15:55:15,1246103981811732481,948766715416141824,LilyPotter130,"Sarasota, FL",,,,['WearAMask'],29,27,en,Twitter for iPhone,,
RT @LupeFiasco: #WearAMask or some form of facial protection that covers the nose and mouth WHENEVER you are outside or in a PUBLIC SPACE..‚Ä¶,2020-04-03 16:10:14,1246107754558824450,174892072,EnkGomez,,,,,['WearAMask'],63,0,en,Twitter for Android,,
RT @jessiebentley86: Picking up groceries by the curbside service. #WearAMask #weargloves #bettertobesafethansorry #COVID19 #lockdown #besm‚Ä¶,2020-04-03 16:12:54,1246108423974006787,260186361,GlynisSpencer,From London to Darkest Sussex,,,,"['WearAMask', 'weargloves', 'bettertobesafethansorry', 'COVID19', 'lockdown']",1,0,en,Twitter for Android,,
"Why? Why?, are they making a big deal about ‚Äúmasks‚Äù., if the ‚Äúpublic‚Äù had started wearing masks 3 months ago (alone with other things), the death rate probably wouldn‚Äôt be this high. So, STOP CRITICIZING people for protecting themselves wearing a mask.
 #WearAMask",2020-04-03 16:21:19,1246110540847611906,3098880901,jeyoung1422,"New Orleans, LA",,,,['WearAMask'],0,0,en,Twitter for iPhone,,
#WearAMask https://t.co/PgOimopXWo,2020-04-03 16:43:03,1246116012295991296,1150700143294996480,Ndivhuw13338063,"Polokwane, South Africa",,,,['WearAMask'],0,1,und,Twitter for Android,,
#WearAMask https://t.co/zwd9myA7rh,2020-04-03 16:49:30,1246117632568328194,1150700143294996480,Ndivhuw13338063,"Polokwane, South Africa",,,,['WearAMask'],0,2,und,Twitter for Android,,
"Just finished a prototype for a mask, knit from leftover sock yarn. Considering it makes it harder to breathe and fogs up my glasses (sticking to contacts when I go out), it‚Äôs probably less porous than you‚Äôd think. I‚Äôll post the pattern shortly. #COVID19 #WearAMask https://t.co/bxBMWjGbdm",2020-04-03 17:04:28,1246121399359401984,130251368,Bbl_Astrophyscs,Ask me tomorrow...,,,,"['COVID19', 'WearAMask']",6,26,en,Twitter for iPhone,,
#COVID19Pandemic #coronavirus #CoronavirusPandemic #Coronavirusupdate #coronavirusupdates #COVID19 #WearAMask #WeNeedPPE help our healthcare workers (HCW) #StayHomeSaveLives #StayHome #StayAtHome https://t.co/HoekuJPn06,2020-04-03 17:28:17,1246127396476108800,2196233449,Pam1010101010,,,,,"['COVID19Pandemic', 'coronavirus', 'CoronavirusPandemic', 'Coronavirusupdate', 'coronavirusupdates', 'COVID19', 'WearAMask', 'WeNeedPPE', 'StayHomeSaveLives', 'StayHome', 'StayAtHome']",0,0,en,Twitter Web App,,
"@GinoTorretta @coach_cristobal @CanesFootball @DuckAthFund I chose @uoregon though, and it was the best decision of my life. I even went back a second time, to @Oregon_Law. Then GWU, and then - don‚Äôt hate me guys - I went to UF! Yeah, I have some Gator blood too. üò∑ #WearAMask",2020-04-03 17:35:17,1246129154321342465,131969291,Quackarazzi,CA-FL-HI-OR-LV,,,,['WearAMask'],0,2,en,Twitter for iPhone,1.2461231344885432e+18,28601605.0
"The viral load is something that is often overlooked, but extremely important.

A low viral load gives your #immunesystem time to ramp up it's defenses against the virus, and it is less likely that you will end up having a Cytokine storm.

#WearAMask https://t.co/p5hQUBp61X",2020-04-03 17:49:06,1246132635379916800,1221164148077277188,RedPillResort,Eastern Europe,,,,"['immunesystem', 'WearAMask']",3,5,en,Twitter for Android,,
RT @YanggangKW: @AndrewYang #WearAMask https://t.co/OyL1NYD8jU,2020-04-03 18:11:39,1246138307529945089,741102033751674881,gradymcole,"Colorado, USA",,,,['WearAMask'],10,0,und,Twitter for iPhone,,
"Check out this post on Coil https://t.co/pdZ1i2sCDz

@PattyB09952203 I am with you on this! üíï #wearamask!",2020-04-03 18:18:25,1246140012514533376,27076119,teenahall,US,,,,['wearamask'],0,8,en,Twitter for iPad,,
RT @LupeFiasco: #WearAMask or some form of facial protection that covers the nose and mouth WHENEVER you are outside or in a PUBLIC SPACE..‚Ä¶,2020-04-03 18:22:46,1246141105558691849,989039690,3rdiii_,,,,,['WearAMask'],63,0,en,Twitter for iPhone,,
"@kennyken699 Please people be safe #StaySafeStayHome #StayAtHomeSaveLives 
#SocialDistancingNow 
#WearAMask 
This virus is a shit #BeSafe",2020-04-03 18:27:19,1246142251992059904,1219007111239282688,Sabrina67408695,,,,,"['StaySafeStayHome', 'StayAtHomeSaveLives', 'SocialDistancingNow', 'WearAMask', 'BeSafe']",2,1,en,Twitter for Android,1.2461417788073574e+18,1.0874238279514726e+18
"RT @Sabrina67408695: @kennyken699 Please people be safe #StaySafeStayHome #StayAtHomeSaveLives 
#SocialDistancingNow 
#WearAMask 
This viru‚Ä¶",2020-04-03 18:43:22,1246146290121084932,1127170211638067202,Jokers_Dolly,Mental asylum,,,,"['StaySafeStayHome', 'StayAtHomeSaveLives', 'SocialDistancingNow', 'WearAMask']",2,0,en,Twitter for iPhone,,
RT @FaceBook4Dog: Escape from planet Earth !!!  #coronavirus #coronatakesoverplanetearth #WFH #timetogo #wearamask #dogsinmasks #dogvaccina‚Ä¶,2020-04-03 18:51:26,1246148318083854337,1101348490481938432,crypto_babydoll,,,,,"['coronavirus', 'coronatakesoverplanetearth', 'WFH', 'timetogo', 'wearamask', 'dogsinmasks']",69,0,en,Twitter Web App,,
".@MayorOfLA made a good point. We see people in Japan, S. Korea, &amp; other Asian countries wearing face masks, we need to get use to it. I believe  if you don‚Äôt wear one b/c of your vanity, it may make you sick or die, or you may give #COVID19 to someone. #WearAMask",2020-04-03 18:57:44,1246149906114293760,967145325881319425,delina4az,AZ Congressional District 4,,,,"['COVID19', 'WearAMask']",4,14,en,Twitter for iPhone,,
$hismerecry #StayAtHome #ShelterInPlace #WearAMask üò∑üò∑üò∑#COVID19Pandemic #COVID2019 #BeSafe üôèüèªüôèüèªüôèüèª RT @CashApp #CashAppFriday https://t.co/gw8el4ggdJ,2020-04-03 18:59:45,1246150414384447489,16062936,hismerecry,"Connecticut, USA",,,,"['StayAtHome', 'ShelterInPlace', 'WearAMask', 'COVID19Pandemic', 'COVID2019', 'BeSafe', 'CashAppFriday']",0,0,en,Twitter for iPhone,,
"Thank you doctor Fauci #WearAMask !!!!!
Corporate America fears that wearing a mask will make them look dumb!!!! They are concerned more of their look than getting people sick....#COVID19 #CoronavirusPandemic #CoronavirusUSA #Pandumbic https://t.co/Ccq24r41Ua",2020-04-03 19:04:45,1246151670184194049,1529043596,cynicaladhoc,,,,,"['WearAMask', 'COVID19', 'CoronavirusPandemic', 'CoronavirusUSA', 'Pandumbic']",0,0,en,Twitter Web App,,
@SunSentinel @LeChatNoire4 This will be a difficult learning experience for them. #WearAMask,2020-04-03 19:09:30,1246152865049010176,3883898352,kat_vanstory,"San Francisco, CA",,,,['WearAMask'],1,0,en,Twitter for Android,1.2460116242946826e+18,12699932.0
This me today walking my dog #WearAMask #coronavirus https://t.co/VjJ2tYGvlH,2020-04-03 19:11:46,1246153438083207169,1016608502,robbin_mcfall,"San Diego, CA",,,,"['WearAMask', 'coronavirus']",0,0,en,Twitter for Android,,
Prepping for the #HANNIBAL #Fannibal zoom at 1:00pm PDT (with @neoprod and @FeedingHannibal) and this seemed like an appropriate backdrop. #wearamasküò∑ #SelfIsolation #FFTSofaCON https://t.co/8ZsWZzno2C,2020-04-03 19:15:16,1246154315921678336,240539178,lorettaramos,,,,,"['HANNIBAL', 'Fannibal', 'wearamask', 'SelfIsolation', 'FFTSofaCON']",19,98,en,Twitter for iPhone,,
"@10DowningStreet @GOVUK ... and make yourself a mask and wear it when you go out for essentials #Masks4All  #StayAtHome #WashYourHands #WearAMask  

https://t.co/z5wjwnZrer",2020-04-03 19:21:24,1246155862386921475,302237917,deembe_,Yorkshire,,,,"['Masks4All', 'StayAtHome', 'WashYourHands', 'WearAMask']",0,0,en,Twitter Web App,1.2461474552023409e+18,14224719.0
RT @kat_vanstory: @SunSentinel @LeChatNoire4 This will be a difficult learning experience for them. #WearAMask,2020-04-03 19:25:16,1246156835041742861,2414913756,LeChatNoire4,Florida,,,,['WearAMask'],1,0,en,Twitter for iPhone,,
"@SEPTANews @SEPTA @PhiladelphiaGov
https://t.co/VQ2ZV7Hziu #Philly #Philadelphia #COVID19Pandemic #StayHome #WeAreInThisTogether #WearAMask",2020-04-03 19:38:14,1246160096129933312,128444117,TJTRNPHILLY,From the old North Philly! ,,,,"['Philly', 'Philadelphia', 'COVID19Pandemic', 'StayHome', 'WeAreInThisTogether', 'WearAMask']",0,0,und,Twitter for Android,,2680741422.0
"Spanish flu 1918, is this where we are headed? 
Are we in this same situation? 
Fear, panic losing our rights?!? 
#justasking #history 
#historyrepeatsitself #spanishflu #WearAMask #canyoufindone 
üì∏historycoolkids ‚ô•Ô∏è https://t.co/nr4sUqH0wb",2020-04-03 19:39:48,1246160490943971328,3108357260,michelelee_1,,,,,"['justasking', 'history', 'historyrepeatsitself', 'spanishflu', 'WearAMask', 'canyoufindone']",5,13,en,Twitter for iPhone,,
"@WhiteHouse @kayleighmcenany @realDonaldTrump And Pres. @realDonaldTrump offered any and all takers at the meeting an on the spot #coronavirus test as a retort to a whiny reporter...

Well played Mr. President, well played
üòéüëç

#COVID19 #WearAMask #StayHome
#WereInThisTogether",2020-04-03 20:22:28,1246171228609667074,262800088,dmon4ever, üó∫ üëà I was never here üòéüòâ,,,,"['coronavirus', 'COVID19', 'WearAMask', 'StayHome', 'WereInThisTogether']",60,55,en,Twitter for Android,1.2461688412789514e+18,8.222156738121196e+17
I can't even. I've beenactin like a god damn 'Karen' over this masks in public thing for a month. Now the medical leaders are reluctantly advising the healthy public to #WearAMask . So disappointing  #NormalizeMasks #MaskCulture #Masks4All #ImprovisedPPE #CDCFail https://t.co/2XedD5a4wU,2020-04-03 20:22:32,1246171247945355264,1107065026865741824,Quidprosquid1,"Massachusetts, USA",,,,"['WearAMask', 'NormalizeMasks', 'MaskCulture', 'Masks4All', 'ImprovisedPPE', 'CDCFail']",0,0,en,Twitter for Android,,
#WearAMask is in addition to #PhysicalDistancing #COVID19Vancouver,2020-04-03 20:31:52,1246173593807060992,2514285636,terribleterrier,,,,,"['WearAMask', 'PhysicalDistancing', 'COVID19Vancouver']",0,0,en,Twitter for iPhone,1.24617317100023e+18,2514285636.0
"@jannadouc @DavedaGruber @AlexMarlow @BreitbartNews @DFBHarvard @LisaMei62 @MarilynLavala @NetworksManager @Timcast @EpochTimes @jenniferatntd @news_ntd @CDCgov @WhiteHouse @rsultzba @DonnaWR8 Just for the record... This corrupt Imbecile is a ""no"" vote on masks too ‚§µÔ∏è

#TheMoreYouKnow
#WearAMask
#WereInThisTogether
#StayHome
#CoronavirusPandemic 

https://t.co/nxjSEIpouu https://t.co/imAW6FmfEK",2020-04-03 20:52:28,1246178779527098372,262800088,dmon4ever, üó∫ üëà I was never here üòéüòâ,,,,"['TheMoreYouKnow', 'WearAMask', 'WereInThisTogether', 'StayHome', 'CoronavirusPandemic']",90,55,en,Twitter for Android,1.2461021842085356e+18,262800088.0
RT @miguelsolorzano: #wearamask every time you go out #usatapabocas üò∑ cada que salgas de casa #stayathome #quedateencasa @ St Charles Borro‚Ä¶,2020-04-03 21:17:54,1246185180974288897,549368244,AlvaroSolrzano,,,,,"['wearamask', 'usatapabocas', 'stayathome', 'quedateencasa']",1,0,en,Twitter for iPhone,,
"With this many people wearing masks, no one looks at you or steps away. It feels totally normal. That is the point. If you feel weird when you #WearAMask because you're the only one, remember that you're also giving others social permission to wear one next time they go out.",2020-04-03 21:19:19,1246185535837618176,150446676,MikalJakubal,"California, or wherever.",,,,['WearAMask'],0,1,en,Twitter for iPhone,1.2461848488945213e+18,150446676.0
US guidance around #FaceMasks is changing - with officials finally admitting that face masks do indeed help to #StopTheSpread. Stock up today &amp; #WearAMask. https://t.co/5N2qXdBbzz,2020-04-03 21:22:17,1246186284521074690,1240565018099236866,RealFaceMasks,,,,,"['FaceMasks', 'StopTheSpread', 'WearAMask']",0,0,en,Twitter for iPhone,,
"More Basic Mask Instructions

DIY masks from Kaiser Permanente for those who like sewing

#Masks4All
#WearAMask

https://t.co/I1sg0Z2b4r https://t.co/rcGt2KoKH3",2020-04-03 21:22:36,1246186361000022016,3157242513,witlessX,Norwottuck,,,,"['Masks4All', 'WearAMask']",3,3,en,Twitter for Android,,
"She is a vampire zombie-hunter with eyes like ice who stays at home because the best way to fight an invisible enemy is to be invisible to it.
#stayAtHome #WearAMask https://t.co/ROxMV3aVmP",2020-04-03 21:27:30,1246187595429601280,1969492964,gambitetiquette,"Los Angeles, CA",,,,"['stayAtHome', 'WearAMask']",1,11,en,Twitter for Android,,
"@atrupar Facts:

- There's no evidence that wearing a mask can help prevent *you* from catching #COVID19 from someone

- There's a lot of evidence that it will help stop *you* from giving it to *them*

- You can be infectious for days before symptoms

#WearAMask
https://t.co/hQSZBdZ6A2",2020-04-03 21:43:28,1246191613514338307,830886553123700736,MontyBoa99,"Peoria, IL",,,,"['COVID19', 'WearAMask']",26,87,en,Twitter Web App,1.2461890755158057e+18,288277167.0
"Yes. Yes and Yes!
#WearAMask #StopTheSpread &amp; lets get back to work. https://t.co/ADlkmxX1h3",2020-04-03 21:43:39,1246191659924119552,2377264158,AndyOz2,"Perth, Australia",,,,"['WearAMask', 'StopTheSpread']",0,0,en,Twitter for iPhone,,
No amount of CDC briefings or death toll projections is going to turn Trump into a competent leader. We are on our own. #WearAMask https://t.co/pHc4Z0g8Wr,2020-04-03 21:44:36,1246191897791680514,14660362,SLThomas,"Washington, DC",,,,['WearAMask'],126,395,en,Twitter Web App,,
Triple layered masks from the HOPE programme. I am hoping that there will be a general recommendation for mask use. #WearaMask #StayHome #StaySafeJamaica #JaCovid19 https://t.co/6RHd8IKtb8,2020-04-03 21:53:49,1246194218349015040,29125456,KhiaJosina,Jamaica,,,,"['WearaMask', 'StayHome', 'StaySafeJamaica', 'JaCovid19']",104,350,en,Twitter for iPhone,,
"Trump saying he doesn't want to wear a mask completely misses the point. The point of wearing the mask is to protect others from being infected by you, as you may be asymptomatic and still spread the virus. Simple as that. Act as if you have it.  #WearAMask",2020-04-03 21:57:08,1246195053120245760,32812492,shoewizard59,"Arizona, USA",,,,['WearAMask'],1,8,en,Twitter Web App,,
.@realDonaldTrump Such a giant douche. You can't even set an example. GFY Donny. #wearamask #loser #douche #traitor #MarALardAss #COVID19 #Trumpdemic #TrumpCrash #TrumpVirus #liar #joke #coronavirus #Pandumbic,2020-04-03 21:57:16,1246195085835935744,1198380681124024320,FreeSteveeboy,"Kensington, Philadelphia",,,,"['wearamask', 'loser', 'douche', 'traitor', 'MarALardAss', 'COVID19', 'Trumpdemic', 'TrumpCrash', 'TrumpVirus', 'liar', 'joke', 'coronavirus', 'Pandumbic']",0,0,en,Twitter for Android,,
