Tweet Text,Tweet Datetime,Tweet Id,User Id,User Name,Tweet Coordinates,Place Info,Country,Hashtags,Retweets,Favorites,Language,Source,Replied Tweet Id,Replied Tweet User Id
#ANYMASK IS BETTER THAN #NOMASKüò∑üò∑,2020-04-01 02:34:14,1245177623199846400,1242016271438417920,Amy59083153,,,,"['ANYMASK', 'NOMASK']",0,0,en,Twitter for Android,,
#NoMask #Mask #NoMask #Mask #NoMask #Mask #NoMask #Mask #NoMask #Mask #NoMask #Mask https://t.co/HRLhqrr9eu,2020-04-03 23:10:36,1246213543277535232,415336115,VirginieMartin_,,,,"['NoMask', 'Mask', 'NoMask', 'Mask', 'NoMask', 'Mask', 'NoMask', 'Mask', 'NoMask', 'Mask', 'NoMask', 'Mask']",11,27,und,Twitter for iPhone,,
"Still debating #mask/#nomask? Real question: Can we make them available to our people? Answer: No. 

Let‚Äôs be honest: We don‚Äôt have #masks because #USA has outsourced the making of #PPE to #CCPChina and didn‚Äôt start making them when #CCPCoronavirus was still #epidemic https://t.co/UzhmI1Tx8t",2020-04-04 00:53:58,1246239554664837120,1187132061817233408,meemeegu,,,,"['mask', 'nomask', 'masks', 'USA', 'PPE', 'CCPChina', 'CCPCoronavirus', 'epidemic']",1,1,en,Twitter for iPad,,
"RT @meemeegu: Still debating #mask/#nomask? Real question: Can we make them available to our people? Answer: No. 

Let‚Äôs be honest: We don‚Äô‚Ä¶",2020-04-04 01:02:22,1246241669449764865,369185122,KLnotKOL,,,,"['mask', 'nomask']",1,0,en,Twitter Web App,,
My contribution to the #Mask #NoMask #COVID19 debate. https://t.co/Co6m9i6ShW,2020-04-04 08:32:29,1246354944149471232,406609880,kiwiskiNZ,,,,"['Mask', 'NoMask', 'COVID19']",6,23,en,Twitter Web App,,
@realDonaldTrump I stand with President Trump not wearing a mask! #NoMask #COVID19 #dontbeajackass,2020-04-04 13:56:03,1246436373244129288,72578994,winnieappell,,,,"['NoMask', 'COVID19', 'dontbeajackass']",0,3,en,Twitter for iPhone,,25073877.0
#NoMask,2020-04-04 16:12:59,1246470832366522369,954325490126524416,cool_sally,,,,['NoMask'],0,0,und,Twitter Web App,,
RT @kiwiskiNZ: My contribution to the #Mask #NoMask #COVID19 debate. https://t.co/Co6m9i6ShW,2020-04-04 20:46:54,1246539764075040769,1368443882,tjelle13,,,,"['Mask', 'NoMask', 'COVID19']",6,0,en,Twitter for iPhone,,
RT @kiwiskiNZ: My contribution to the #Mask #NoMask #COVID19 debate. https://t.co/Co6m9i6ShW,2020-04-05 01:03:36,1246604365193834497,2834710739,Chirocscs,,,,"['Mask', 'NoMask', 'COVID19']",6,0,en,Twitter Web App,,
"Initial recommendation #NoMask  Never made much sense, in a NOVEL, HIGHLY INFECTIOUS, respiratory virus, with excessive movement= high infection rates. 
#CavlierAction = #ExtremeMortality,  epidemiology studies will soon show that you can't chase a highly transmissable virus. https://t.co/i4ItReizJj",2020-04-06 00:39:29,1246960687252987904,32780998,nurse4change,,,,"['NoMask', 'CavlierAction', 'ExtremeMortality']",0,0,en,Twitter for Android,,
"@dallasnews Texas and Del Conte distance themselves from Aston, pull in Schaefer #nomask üò∑#SocialDistancing 

Cmon, people - a Zoom Brady Bunch photo would have sufficed here.",2020-04-06 00:48:10,1246962869951795201,108503602,rrogers512,,,,"['nomask', 'SocialDistancing']",0,0,en,Twitter for iPhone,1.2469577975242424e+18,15679641.0
"Texas and Del Conte distance themselves from Aston, pull in Schaefer #nomask üò∑#SocialDistancing 

Cmon, people - a Zoom Brady Bunch photo would have sufficed here. https://t.co/UrBInTvRFS",2020-04-06 00:48:30,1246962955515621376,108503602,rrogers512,,,,"['nomask', 'SocialDistancing']",0,0,en,Twitter for iPhone,,
COVID-19: Cross River commences enforcement of https://t.co/HDrw7RJ5Ym #covid19 #nomask,2020-04-06 03:39:48,1247006064983175168,1059133208925822976,nd_reporters,,,,"['covid19', 'nomask']",0,0,en,Revive Social App,,
"‡§Æ‡§Ç‡§§‡•ç‡§∞‡§æ‡§≤‡§Ø‡§æ‡§§ ‡§Æ‡§æ‡§∏‡•ç‡§ï‡§∂‡§ø‡§µ‡§æ‡§Ø '‡§®‡•ã ‡§è‡§®‡•ç‡§ü‡•ç‡§∞‡•Ä'!
#CoronaVirus #CoronaVirusOutbrake #Mumbai #Mantralaya #NoMask #NoEntry
 https://t.co/KUBlD1bB3L",2020-04-06 04:30:28,1247018813595369472,2734222022,TheMahaMTB,,,,"['CoronaVirus', 'CoronaVirusOutbrake', 'Mumbai', 'Mantralaya', 'NoMask', 'NoEntry']",0,1,mr,Twitter Web Client,,
This is disgusting (again). Security taking this attitude and finding #coughing funny. Whoa! How does @FiveRiversEC feel about their workers mixing with these HS2 security guys who clearly are not worried about spreading the virus?#stopHS2 #COVID19 #constructionworkers #nomask https://t.co/Lmz0J9Cup8,2020-04-07 16:38:42,1247564468554473478,1203254360542777344,gypsylee661,,,,"['coughing', 'stopHS2', 'COVID19', 'constructionworkers', 'nomask']",9,10,en,Twitter for Android,,
"They themself didn't follow the precautions, and look what they are doing to make their Bosses happy.

#RealFaceOfMedia #CoronaInPakistan #NoMask #NoGloves https://t.co/xl7edygU7t",2020-04-07 16:53:57,1247568305168076800,897084286813315072,Taha_Jelani,,,,"['RealFaceOfMedia', 'CoronaInPakistan', 'NoMask', 'NoGloves']",0,0,en,Twitter for Android,,
@Platon44374290 @Malbrunot @ch_coulon D'autant plus que √ßa emp√™che la clope au bec et √ßa c'est intol√©rable üòÇüö≠üò∑üö¨ #NoMask  ü•≥ü§£ https://t.co/wjkcD0XOTR,2020-04-07 17:27:27,1247576734855303172,869746766,zewala,,,,['NoMask'],0,0,fr,Twitter for Android,1.2472225510608896e+18,1.1707778752655442e+18
"@realDonaldTrump @seanhannity @FoxNews Open up everything President Trump üëçüòÅüá∫üá∏
#MAGA2020
#NoMask",2020-04-08 01:32:46,1247698868814278657,4955031,Standfor45,,,,"['MAGA2020', 'NoMask']",0,0,en,Twitter Web App,1.247636107052843e+18,25073877.0
"Naw big Alex that‚Äôs that chicken coop ü§¶‚Äç‚ôÇÔ∏è
.
.
@Thebeast_ufc he ok?? #
.
.
@danawhite @reggiebush 20twentyer @stoolpresidente SIGN HIM UP? 
.
.

#Repost @iamalexthoms with @get_repost
„Éª„Éª„Éª
#NoMask
#NoDrawls
#NoSence‚Ä¶ https://t.co/foufdPQVAS",2020-04-08 04:03:13,1247736731216031744,20734169,GregGastelum,"[-118.05544127, 33.98353657]","West Whittier, CA",US,"['Repost', 'NoMask', 'NoDrawls', 'NoSence']",0,0,en,Instagram,,
"#NoMask #NoMedicine @ Nowrangapur, Orissa, India https://t.co/aeXKSiidSj",2020-04-09 09:47:31,1248185766250864641,496996110,ashokgmbl,"[82.55, 19.2333]","Nabarangapur, India",IN,"['NoMask', 'NoMedicine']",0,0,in,Instagram,,
"Right now, the air outside is most likely the freshest air we'll breathe in our lifetime.

#fear #miseducation #mask #nomask #noexcuses #fitness #climatechange #marathon #willtowin https://t.co/ZzK1TkTiO5",2020-04-09 12:50:50,1248231898977050624,2336571931,BeProHealthy,,,,"['fear', 'miseducation', 'mask', 'nomask', 'noexcuses', 'fitness', 'climatechange', 'marathon', 'willtowin']",0,2,en,Instagram,,
@AgnesRunacher @Economie_Gouv @BrunoLeMaire @AssembleeNat @AN_AfEco @RolandLescure @MickaelNogal @ebothorel @damienadam76 @guillaumekasba @RichardFerrand Juste citoyenne ministre en cdd Pannier-Runacher Connaissant l'Histoire de nos cousins gageons que ce n'est la qu'un d√©but... #Covid19 #ConfinementTardif #NoMask #NoTest #Raoult #JusticePassera #Canada #MauditsFrancais #OnNoublieraPas,2020-04-09 23:12:18,1248388296322854915,2835510834,CitoyenVallee,,,,"['Covid19', 'ConfinementTardif', 'NoMask', 'NoTest', 'Raoult', 'JusticePassera', 'Canada', 'MauditsFrancais', 'OnNoublieraPas']",1,0,fr,Mobile Web (M2),1.2482543077088707e+18,2400052052.0
"‚ÄùBe BRAVE. Be VULNERABLE. Have the COURAGE to show up &amp; be seen. Let your radiant beautiful authentic self shine! Be the real imperfect YOU, the world will adjust!‚Äù~ #ExtremeRadLifer ‚ù§Ô∏èüôè#authentic #bereal #nomask #secretskeepyousick #childofgod #BeBRAVE #courage ‚ù§Ô∏èüíÉüõ°üó°üî•üáøüá¶üåçüïØ https://t.co/yKe6on6qez",2020-04-10 11:12:13,1248569467497521153,187927816,ExtremeRadLifer,,,,"['ExtremeRadLifer', 'authentic', 'bereal', 'nomask', 'secretskeepyousick', 'childofgod', 'BeBRAVE', 'courage']",2,3,en,Twitter for iPhone,,
PEOPLE USE SOCIAL DISTANCING. I SEEN SO MANY PEOPLE WITH #NoMask AND NOT 6 FEET APART,2020-04-10 14:03:10,1248612490994319362,253095898,lesliemidd55,,,,['NoMask'],0,0,en,Twitter for Android,,
In this situation there is no arrangements by the @GujaratPolice in Pethapur Village Dist. Gandhinagar. Ration has been distributed to people by the @CMOGuj .where is social distancing?? #Noawareness #Nomask Request @GujaratPolice to guide people's. @dgpgujarat https://t.co/nC67g9FfnF,2020-04-11 04:30:56,1248830871618162694,2920282602,JanujK14,,,,"['Noawareness', 'Nomask']",0,0,en,Twitter Web App,,
Why do the employees at @acmemarkets and @HomeDepot in PA not have #masks and #gloves on. Especially cashiers.  #nomask #HomeDepot #acme #COVID19 #caronavirusoutbreak #SocialDistancing #StaySafe,2020-04-11 20:34:20,1249073316788350976,2463173527,NickandNol,,,,"['masks', 'gloves', 'nomask', 'HomeDepot', 'acme', 'COVID19', 'caronavirusoutbreak', 'SocialDistancing', 'StaySafe']",1,1,en,Twitter for iPhone,,
RT @NickandNol: Why do the employees at @acmemarkets and @HomeDepot in PA not have #masks and #gloves on. Especially cashiers.  #nomask #Ho‚Ä¶,2020-04-11 23:07:39,1249111902992494592,766603423831564288,chimixue,,,,"['masks', 'gloves', 'nomask']",1,0,en,Twitter for Android,,
"You don't wear a mask into an attic to protect the insulation from you.

You don't wear a mask while sanding to protect saw dust from what your lungs would do to it.

You don't wear a mask while painting bc your breath is toxic to paint.

#NoMask https://t.co/Q1HVaKcngw",2020-04-12 20:09:52,1249429549370281985,1270126526,PennsCurse,,,,['NoMask'],0,2,en,Twitter for Android,,
My first grocery order from ‚Å¶@Walmart‚Å© didn‚Äôt go very well. #produce #nomask #avoid https://t.co/z8qYWLs7xp,2020-04-13 14:18:23,1249703484804550658,12383852,lolamoth,,,,"['produce', 'nomask', 'avoid']",0,0,en,Twitter for iPhone,,
"@PaulBacon30 @Publix Not everyone should wear a mask. #nomask. In Broward ""This order does not apply to young children under the age of two, and individuals who have difficulty breathing."" https://t.co/eakMmsWUKw
Please allow us to enter without a Mask!!!",2020-04-13 14:39:26,1249708781388341255,14455691,darkslate2,,,,['nomask'],0,1,en,Twitter Web App,1.2495333895956972e+18,3374876560.0
"@NereidaC7 @Publix @WinnDixie ""This order does not apply to young children under the age of two, and individuals who have difficulty breathing."" https://t.co/eakMmsWUKw
Its the same for MIA #nomask Let us enjoy fresh air!!! @MayorGimenez has to much power to make it mandatory, CDC recommends its not mandatory",2020-04-13 14:52:50,1249712153168433152,14455691,darkslate2,,,,['nomask'],0,0,en,Twitter Web App,1.2443765956678492e+18,1.21310526943087e+18
"This is how amazon is keeping diliveries safe #nomask
#amazonindia #amazondiliveries https://t.co/BxXHp4L1xI",2020-04-14 06:19:45,1249945418546302976,1249941293209251841,MehrotraShitij,,,,"['nomask', 'amazonindia', 'amazondiliveries']",1,0,en,Twitter for Android,,
@mjb0317 @Publix #nomask People don't want to wear masks! Most of your groceries are handled with no mask and no gloves think of all the people and factories your food comes from. Think of all the truck drivers bringing that food to your local store. Stop being scared of people without a mask on,2020-04-14 12:49:29,1250043499841544194,14455691,darkslate2,,,,['nomask'],0,0,en,Twitter Web App,1.2500047596643615e+18,437511454.0
"WHY I AM #NOMASK FOR #COVID19
1. my grandma is a dickhead
2. im the most important
3. im a big macho badass",2020-04-14 14:30:32,1250068926966509568,965970336935239680,wut_the_hick,,,,"['NOMASK', 'COVID19']",0,0,en,Twitter for Android,,
"@PopeyesChicken Manager Bree at Military Rd, AR location asked me to come in for my family of 5 order. Through the drive-thru I saw no gloves, no masks, Mgr taking money in hands, again no mask and no gloves. Why? #coronavirus #popeyeschicke  #nomask #nogloves #fastfood #COVID19",2020-04-15 17:45:36,1250480405792337921,173135636,MrsBrasfield,,,,"['coronavirus', 'popeyeschicke', 'nomask', 'nogloves', 'fastfood', 'COVID19']",0,0,en,Twitter for Android,,14757934.0
@GovernorTomWolf @SecretaryLevine NOT constitutional!! See you in court! #nomask #Liberty #freedom,2020-04-15 20:28:19,1250521357739229194,325871958,SunnyLansdale,,,,"['nomask', 'Liberty', 'freedom']",1,19,en,Twitter for Android,1.2504943327061402e+18,2978837542.0
"@nytimes Not wearing a Mask. üò∑üò∑
Fear Culture and False reassurance with a Mask is something I will not promote. #NoMask #COVID19 #StayHome #StayatHome",2020-04-15 22:03:50,1250545393630416897,719276229040451584,tramlaw301,,,,"['NoMask', 'COVID19', 'StayHome', 'StayatHome']",2,5,en,Twitter for Android,1.2505343895089562e+18,807095.0
"A man holding an umbrella walks past a closed store front in downtown LA April 15, 2020. #covid19 #coronapandemic #pandemic2020 #nomask #umbrella #streetphotography #fujifilmxseries #fujistreetphotography #fujixmoment #dtla

üì∏ https://t.co/A9FoYem88o via https://t.co/tFiRvDvplH https://t.co/hOPlFsvc30",2020-04-16 01:33:28,1250598149569368070,96172035,ringochiu,,,,"['covid19', 'coronapandemic', 'pandemic2020', 'nomask', 'umbrella', 'streetphotography', 'fujifilmxseries', 'fujistreetphotography', 'fujixmoment', 'dtla']",0,1,en,TWEET.PHOTO,,
"@ezsmpsn @RealCandaceO @democracynow19 @GavinNewsom @WholeFoods .
FREEDOM

#NoMask
#FaithOverFear

#CoronavirusLiar",2020-04-17 02:17:10,1250971536560926720,1016117341841707014,Q_Sez_,,,,"['NoMask', 'FaithOverFear', 'CoronavirusLiar']",0,0,en,Twitter for Android,1.2508580984509727e+18,8.174804413516022e+17
https://t.co/vk6cSlNYJJ #nomask,2020-04-17 14:27:23,1251155299504803843,55995317,mahinthjoe,,,,['nomask'],0,0,und,Twitter Web App,,
"@ShefVaidya #NoMask... Specially protected by the umbrella of blessings from State @BJP4Karnataka and Central @BJP4India power that is ... @BSYBJP @narendramodi @AmitShah 
#VVIPLockdownShaadi #ArogyaSetu #VVIPCoronaWedding",2020-04-17 19:56:17,1251238069824413696,132480552,Wolverine_201,,,,"['NoMask', 'VVIPLockdownShaadi', 'ArogyaSetu', 'VVIPCoronaWedding']",2,1,en,Twitter for iPhone,1.251027462172971e+18,1934388686.0
RT @Wolverine_201: @ShefVaidya #NoMask... Specially protected by the umbrella of blessings from State @BJP4Karnataka and Central @BJP4India‚Ä¶,2020-04-17 20:24:56,1251245282014052353,838661590530441216,PallaviChandr15,,,,['NoMask'],2,0,en,Twitter Web App,,
@safe_effective #nomask,2020-04-17 20:53:19,1251252422653116423,908186857,free2lovechrist,,,,['nomask'],0,0,und,Twitter for iPhone,1.2512330609280614e+18,525644428.0
Seems to me its just another way to divide us #mask #nomask ü§îü§∑‚Äç‚ôÇÔ∏è,2020-04-18 00:25:30,1251305822195499008,2896739024,JayGrey361,,,,"['mask', 'nomask']",0,1,en,Twitter for Android,,
#nomask #mybodymychoice https://t.co/KKrCTaxMO9,2020-04-18 00:33:52,1251307925634641920,18169145,gomergirl,,,,"['nomask', 'mybodymychoice']",0,1,und,Twitter for Android,,
"@realDonaldTrump Support Vaccine Rights Legal Defense. #nomask this is unconstitutional and an opportunity to prove no pandemic threat in NYS, the same way we proved no measles epidemic last year in Rockland County @realdonaldtrump #Plandemic
#HerdImmunity
 https://t.co/NoW9VXRhjD https://t.co/pYnSwBBmK1",2020-04-18 14:04:03,1251511815768543233,82664027,patriciafinnesq,,,,"['nomask', 'Plandemic', 'HerdImmunity']",0,1,en,Twitter for Android,1.2511815667406193e+18,25073877.0
Filipinos are truly resourceful and creative. We never ran out of ideas! #nomask #COVID #covidcrisis https://t.co/hTdQecDbuR,2020-04-18 23:35:43,1251655682085941248,1245846005163028481,ceoofhnm,,,,"['nomask', 'COVID', 'covidcrisis']",0,0,en,Twitter for Android,,
"#selfie #selfisolation #late #nomask @dirtycoast #goat #shirt @drewbrees #love @ New Orleans, Louisiana https://t.co/yiEaP9hagH",2020-04-20 05:58:59,1252114519633035264,2528460974,artbymuffin,,,,"['selfie', 'selfisolation', 'late', 'nomask', 'goat', 'shirt', 'love']",0,0,en,Instagram,,
I wonder how many in the crowd will be sick in a week with: #Corvid19 #nomask #nosocialdistancing #Sad https://t.co/9hQPIlEYAp,2020-04-20 08:27:45,1252151957172531200,811069,gailelaine,,,,"['Corvid19', 'nomask', 'nosocialdistancing', 'Sad']",0,0,en,Twitter Web App,,
"'No Mask No Fuel' Policy To Come In Action Across Petrol Pumps In India
.
.
#nomask #nopetrol #lockdown #MondayMotivation #covid19 #corona #coronavirus 
 https://t.co/LIpZCcrs3c",2020-04-20 10:49:28,1252187624875282432,986921697638043649,viralbake,,,,"['nomask', 'nopetrol', 'lockdown', 'MondayMotivation', 'covid19', 'corona', 'coronavirus']",5,6,en,Twitter for Android,,
"RT @viralbake: 'No Mask No Fuel' Policy To Come In Action Across Petrol Pumps In India
.
.
#nomask #nopetrol #lockdown #MondayMotivation #c‚Ä¶",2020-04-20 10:57:24,1252189620361670658,1172021607042142208,vg335364159,,,,"['nomask', 'nopetrol', 'lockdown', 'MondayMotivation']",5,0,en,Twitter Web App,,
"I need a mask can you provide me ? It can be home made.. anything you can provide.... I am staying at noida sector 27. There is no mask available in any medical Store..
@dmgbnagar ?? Reply pls???

#nomask #Masks4All #mask",2020-04-20 11:31:49,1252198282006155265,4920322334,Shwetaa_Negi,,,,"['nomask', 'Masks4All', 'mask']",0,0,en,Twitter for Android,,
"RT @viralbake: 'No Mask No Fuel' Policy To Come In Action Across Petrol Pumps In India
.
.
#nomask #nopetrol #lockdown #MondayMotivation #c‚Ä¶",2020-04-20 12:58:05,1252219990897541120,1164413453928239104,Ashok90103457,,,,"['nomask', 'nopetrol', 'lockdown', 'MondayMotivation']",5,0,en,Twitter Web App,,
"@FKUJAK1 They want fear. Fear brings the vibration down. That is why it is so important to get messages like yours out to the people.
#TheGreatAwakening 
#nomask 
#NoVaccineForMe",2020-04-21 00:49:29,1252399020955205635,1244271931920007168,LockFrances,,,,"['TheGreatAwakening', 'nomask', 'NoVaccineForMe']",1,3,en,Twitter Web App,1.252334635436122e+18,1.1773734673957315e+18
BS #NoMask propaganda by left to scare Americans https://t.co/DYa493Sgun,2020-04-21 16:46:05,1252639757236084743,986049699437301760,hearing_nelson,,,,['NoMask'],0,1,en,Twitter for iPhone,,
"No mask, do it ninja stylee! #lifehacks #nomask #mask https://t.co/ZgKCwMOsgf",2020-04-22 01:03:48,1252765012143362048,244013276,Funsox,,,,"['lifehacks', 'nomask', 'mask']",0,1,en,Twitter for Android,,
@realDonaldTrump  #Q #QArmy #NOMASK https://t.co/FjyEnl0MOf,2020-04-22 08:57:49,1252884301504368646,1304155226,PupScouts1,,,,"['Q', 'QArmy', 'NOMASK']",0,0,und,Twitter Web App,,25073877.0
"@houmayor #nomask if you love life, liberty, and the pursuit of happiness- for the love of ALL HUMANITY - NO MASK.  Don't give into the fear, be a beacon of hope, a bright light as we come close to the end of this horrid turn of events.",2020-04-22 18:14:48,1253024470530482179,1662454537,thej5crew,,,,['nomask'],0,0,en,Twitter for Android,,1.0990802291113697e+18
@HarrisCoJudge Thanks for causing more panic and fear...#noclue #nomask,2020-04-22 22:41:22,1253091555910602758,27647512,PhillynTX,,,,"['noclue', 'nomask']",0,1,en,Twitter for Android,1.2530526802238095e+18,1.0932452389179556e+18
How many times are networks floating subliminal messages like ‚Äúduring this uncertain time‚Äù ‚Äústay in &amp; stay safe‚Äù? It‚Äôs time for #Americans to fight back. Shut off the TV-go outside! #NoMask #BacktoWorkAmerica #OPENAMERICANOW It‚Äôs out right! üá∫üá∏,2020-04-23 02:27:22,1253148427308826626,564196047,maga4gr8tusa,,,,"['Americans', 'NoMask', 'BacktoWorkAmerica', 'OPENAMERICANOW']",338,376,en,Twitter for iPhone,,
#TodaysThought #LockDownDE #LockUpDE #SARSCoV2 #COVID19 #Corona #CoronaApp #CoronaTracingApp #App #CyberSecurity #CyberDiktatur #TotaleSicherheitsgesellschaft #Totalitarismus #Maskenpflicht #Maske #MaskeAb #NoMask https://t.co/vaIYoIXYnC,2020-04-23 09:26:09,1253253817619156992,1460026669,sz_associates,,,,"['TodaysThought', 'LockDownDE', 'LockUpDE', 'SARSCoV2', 'COVID19', 'Corona', 'CoronaApp', 'CoronaTracingApp', 'App', 'CyberSecurity', 'CyberDiktatur', 'TotaleSicherheitsgesellschaft', 'Totalitarismus', 'Maskenpflicht', 'Maske', 'MaskeAb', 'NoMask']",0,2,und,Twitter Web App,,
"Let him go! Give him a bike and a water bottle and send him on his way. 
#NoMask! https://t.co/APxXnwSE2z",2020-04-23 12:14:50,1253296271500161024,3233851462,boobinspecter69,,"Lake in the Hills, IL",US,['NoMask'],0,0,en,Twitter for Android,,
"@GovMikeDeWine You can ask, suggest, and urge mask usage. It is a free country and I can still choose not to wear one. Cloth masks have been shown to be nearly completely ineffective in protecting from virus transmission. You can choose mask, I can choose #nomask",2020-04-23 18:43:44,1253394139305181185,117801949,sherril79,,,,['nomask'],0,12,en,Twitter for Android,1.253391124020056e+18,18820392.0
@LucyTrumplican @gatewaypundit Question? Quickest way to shut down Congress? Pelosi in this pic.... #nomask #DCaintSF,2020-04-23 21:26:09,1253435014491959298,25541952,steel1man,,,,"['nomask', 'DCaintSF']",0,1,en,Twitter for iPad,1.2534291074900337e+18,1.1210471413826232e+18
@Shannon70798106 @sandyaschneider Then go and patronize a business that isn‚Äôt run by subservient idiots. There are plenty of them. #IwillNOTComply #WeAreBeingPlayed #NoMask #TheVirusIsAHoax,2020-04-24 07:47:31,1253591383157456901,1031513567982432256,senn60,,,,"['IwillNOTComply', 'WeAreBeingPlayed', 'NoMask', 'TheVirusIsAHoax']",0,0,en,Twitter for iPhone,1.2533499602188247e+18,8.804910081437696e+17
@SpeakerPelosi @SenSchumer @dougducey Tomorrow I am going to Work!!! You are not restricting my Freedom or Rights anymore.  Don‚Äôt like it to bad!!! I Don‚Äôt Work For You!! You Work For Me Get It!!! #NoMask,2020-04-24 23:58:48,1253835817971138561,205983106,bwcorky,,,,['NoMask'],0,0,en,Twitter for iPhone,,15764644.0
"@GoldenTalon77 The #coronamoaners should #choosedeath
Too many cretins in this world
#nomask
#Covid_19 https://t.co/mVjrz1Lriu",2020-04-25 01:27:16,1253858079222960129,1017221463290646528,raymondvillani,,,,"['coronamoaners', 'choosedeath', 'nomask', 'Covid_19']",0,1,en,Twitter for Android,1.253541225761669e+18,4292489412.0
@UPS #UPS WARNING! DO NOT ENGAGE WITH YOUR UPS DRIVER OR THEY WILL CALL YOU AGGRESSIVE AND BLOCK YOU AKA YOU CANNOT GET DELIVERIES TO YOUR HOMEDO NOT LET THIS HAPPEN TO YOU IS IT ME OR DOES THIS DRIVE HAVE #ATTITUDE #SPREADTHEWORD #NOMASK #NOGLOVES #BADCUSTOMERSERVICE #DELIVERY https://t.co/fjeeDH3ELt,2020-04-25 04:48:21,1253908683248951296,1146198726769139712,family_prime,,,,"['UPS', 'ATTITUDE', 'SPREADTHEWORD', 'NOMASK', 'NOGLOVES', 'BADCUSTOMERSERVICE', 'DELIVERY']",2,0,en,Twitter Web App,,158129535.0
".@GavinNewsom 
.@nathanfletcher 

#NoMask https://t.co/wME9eqqvt4",2020-04-25 05:49:45,1253924135836606464,109046086,Cheryl0exvax,,,,['NoMask'],1,1,und,Twitter for Android,,
"RT @Cheryl0exvax: .@GavinNewsom 
.@nathanfletcher 

#NoMask https://t.co/wME9eqqvt4",2020-04-25 12:38:17,1254026945261711360,197822223,elunicoeldivino,,,,['NoMask'],1,0,und,Twitter Web App,,
Don't know if this is driven by greed or by need. All I know is that this behavior is exactly why the virus has been bringing ppl down. Bit by bit. Area by area. #NoSocialDistancing #nomask #COVID2019india #Thane @ThaneCityPolice @ImThanekar,2020-04-25 13:13:46,1254035877447086084,3022284428,Martinii_Girl,,"Thane, India",IN,"['NoSocialDistancing', 'nomask', 'COVID2019india', 'Thane']",0,1,en,Twitter for Android,1.254034677431591e+18,3022284428.0
Could @EdEmmett run for office again to get this idiocratic know nothing @LinaHidalgoTX out? Asking for a friend. #GodBless #nomask #lockdown #OPENAMERICANOW https://t.co/amXDjCKoM3,2020-04-25 14:19:10,1254052336324038663,983867076,DonKellerJrTex,,"Houston, TX",US,"['GodBless', 'nomask', 'lockdown', 'OPENAMERICANOW']",0,0,en,Twitter for iPhone,,
We need an anti mask movement #NoMask,2020-04-25 17:09:45,1254095262206898176,759767087422251008,lightonearth111,,,,['NoMask'],1,0,en,Twitter for iPhone,,
#nomask https://t.co/2nCWWnqdJF,2020-04-25 20:42:57,1254148916897030147,4866717149,revolution_fr,,,,['nomask'],0,0,und,Twitter Web App,,
RT @lightonearth111: We need an anti mask movement #NoMask,2020-04-25 20:50:02,1254150701556682752,197822223,elunicoeldivino,,,,['NoMask'],1,0,en,Twitter Web App,,
"@MamataOfficial Respected Didi üôè
Sealdah Koley Market is #NoLockdown, #NoMask #NoSocialDistancing and full #Crowd 24hr open this market plz CM Madam Lock Koley Market #SaveSealdah peoples üôè",2020-04-27 08:31:43,1254689671310987264,1096450641562456064,Chandan01005098,,,,"['NoLockdown', 'NoMask', 'NoSocialDistancing', 'Crowd', 'SaveSealdah']",0,0,en,Twitter for Android,1.2546425868509635e+18,2526794479.0
#Covid19 #nomask @PIB_India https://t.co/6zYnSWWeoW,2020-04-27 10:38:25,1254721557680668674,37404210,ghoshtwits,,,,"['Covid19', 'nomask']",0,0,und,Twitter for Android,,
"#nomask  ‡§® ‡§Æ‡§æ‡§∏‡•ç‡§ï ‡§® ‡§ó‡§Æ‡§õ‡§æ ,‡§´‡•ã‡§ü‡•ã ‡§µ‡§æ‡§≤‡•á ‡§®‡•á‡§§‡§æ ‡§ú‡•Ä @KSinghwara https://t.co/0RrfygypfI",2020-04-27 13:52:53,1254770496807112704,1246615941166718976,SetuMishra13,,"Darbhanga, India",IN,['nomask'],0,1,ne,Twitter for Android,,
ü§£#NoMask for my family!  We prefer fresh oxygen and not breathing in out own carbon dioxide! https://t.co/BJy4rk4fmQ,2020-04-27 19:59:48,1254862835672326144,41306360,vaxx_free,,,,['NoMask'],4,12,en,Twitter Web App,,
"@GovMikeDeWine MY BODY. MY CHOICE. #noMask

This is a personal health right violation. Some of us understand how real immunity works. ALL of us have the right to live free and make our own health decisions. PLEASE LOOK AT THE STUDIES. 

I.WILL.NOT.WEAR.A.MASK
#freespeech
#myBodyMyChoice",2020-04-27 20:21:18,1254868242537091072,33720117,andi_Stenger,,,,"['noMask', 'freespeech', 'myBodyMyChoice']",1,11,en,Twitter for iPhone,1.2548546457735127e+18,18820392.0
@alliemarie777 @GovMikeDeWine I‚Äôm requesting to my hairdresser that her chair be put outside in the sun üåû and we‚Äôll all be safe!  #NoMask,2020-04-27 21:06:55,1254879723596939264,27643535,Beth2002,,,,['NoMask'],0,2,en,Twitter for iPhone,1.2548788968703427e+18,161452409.0
"The No Mask No Service is Bullshit! Main reason they want you wearing masks, is to appears there is a pandemic. I am hard of hearing I read lips, now what, no understanding one another, no smiling at each other, no communication, no connection! #nomask #NoMasks  #NoMaskNoMuzzle",2020-04-28 01:14:43,1254942085490397186,797880652536446977,Lynn23232323,,,,"['nomask', 'NoMasks', 'NoMaskNoMuzzle']",5,16,en,Twitter for Android,,
#NoMask as a woman I will not be subjected to radical ways to shut us up . This whole thing is BS if you want to wear a mask wear if you don‚Äôt don‚Äôt. I‚Äôm not a Muslim no one will stop us.,2020-04-28 01:34:55,1254947168454094849,986049699437301760,hearing_nelson,,,,['NoMask'],0,0,en,Twitter for iPhone,,
#NOMASK https://t.co/4VnUUkOSR2,2020-04-28 02:16:47,1254957703710928896,2919047954,lalovestrump,,,,['NOMASK'],4,25,und,Twitter Web App,,
@LegendaryEnergy @KurtSchlichter He ain't on our side bruh. This shit will go on as long as we comply. I am not complying. #nomask #noshot #notest,2020-04-28 06:16:48,1255018106302447617,935700282473877506,Saddler_777,,,,"['nomask', 'noshot', 'notest']",0,0,en,Twitter for Android,1.2550092034056233e+18,226194552.0
"My body my choice #NoMasks 
My life Virus' choice #nomask",2020-04-28 06:38:21,1255023531638706177,1195349583578030080,RuiqingYu,,,,"['NoMasks', 'nomask']",1,1,en,Twitter Web App,,
"While @canarabank is preaching social distancing, this is how your employee at Ashok Vihar Branch, Deep Market New Delhi, managing entry/exit of people. #nomask #worlddayforsafetyandhealthatwork #SocialDistancing . You are putting many lives in danger and at the same time ....... https://t.co/pSQIwmIhpo https://t.co/3uoOew3VzR",2020-04-28 09:23:34,1255065106800467968,54871730,RajeshRB,,,,"['nomask', 'worlddayforsafetyandhealthatwork', 'SocialDistancing']",1,2,en,Twitter Web App,,
@GovMikeDeWine #liberateOhio #nomask #OpenOhioNow https://t.co/QBMj3n8KRA,2020-04-28 10:18:54,1255079032342884353,1249794368594219014,Karen16903,,,,"['liberateOhio', 'nomask', 'OpenOhioNow']",0,0,und,Twitter for Android,,18820392.0
Feels good to be able to sit down in a restaurant again. #50percentcapacity #nomask https://t.co/bjpO9dEeSw,2020-04-28 16:09:27,1255167251533180928,484285128,misfitcollins,,,,"['50percentcapacity', 'nomask']",0,2,en,Twitter for iPhone,,
"Did you see #GOP #Pence touring the #MayoClinic? The only man (of course no women) in the room who doesn't understand #COVID19, hence #nomask. The person leading the pandemic prevention team? #epicfailure #DarwinAwards https://t.co/5jFDCxHkta",2020-04-28 18:17:11,1255199396679073797,14804916,relaxocat,,,,"['GOP', 'Pence', 'MayoClinic', 'COVID19', 'nomask', 'epicfailure', 'DarwinAwards']",0,1,en,Twitter for iPhone,,
"@GovMikeDeWine @DrAmyActon There you go pushing vaccines. Vaccines are Toxic and Dangerous. Vaccine Manufacturers have NO Liability. In addition, Payouts by the national¬†Vaccine Injury Compensation Program, or VICP, have now topped $4 billion.
#nomask #NoVaccineForMe",2020-04-28 19:14:00,1255213695464026112,797880652536446977,Lynn23232323,,,,"['nomask', 'NoVaccineForMe']",0,17,en,Twitter for Android,1.2552054484264428e+18,18820392.0
"@brianschatz @Mike_Pence HOW FUCKING DARE YOU 
But shame on @MayoClinic FOR ALLOWING #pence #nomask ENDANGER #patients OMG #penceresign WE Don't listen to you step down from Chairing #TaskForce #replacePencetaskforce OMG
#mayoclinic shame on you too #penceknew",2020-04-28 19:20:38,1255215363161292804,1686369542,rr7lv,,,,"['pence', 'nomask', 'patients', 'penceresign', 'TaskForce', 'replacePencetaskforce', 'mayoclinic', 'penceknew']",0,2,en,Twitter Web App,1.2552092735937208e+18,47747074.0
"This picture just doomed any political chance #Pence has in the future

#NoMask
#MayoClinic 
#CoronaVirus https://t.co/LugPG1LlYf",2020-04-28 20:59:12,1255240171613757447,132535895,madamyez,,,,"['Pence', 'NoMask', 'MayoClinic', 'CoronaVirus']",0,1,en,TweetCaster for Android,,
"""The proper function of man is to live, not to exist. I shall not waste my days in trying to prolong them. I shall use my time."" #JackLondon

#LiberateAmerica 
#NoMask
#tuesdayvibes 
#KAG https://t.co/EBe5EIVbIY",2020-04-28 21:43:50,1255251402848448513,707284988069351424,22norsedad,,,,"['JackLondon', 'LiberateAmerica', 'NoMask', 'tuesdayvibes', 'KAG']",1,1,en,Twitter Web App,,
"""As vice president of the United States I'm tested for the coronavirus on a regular basis, and everyone who is around me is tested for the coronavirus,‚Äù @VP told reporters.

He was TOLD to wear a mask to the facility.

#coronavirus
#nomask #COVIDIOT

https://t.co/dbYtfwpFge",2020-04-28 21:59:18,1255255295426773000,65114198,thegoddesscher,,,,"['coronavirus', 'nomask', 'COVIDIOT']",1,0,en,Twitter for Android,,
"@DisabledResist @VP The gene pool seems adamant on ridding itself of the anti-science instinct. Mr. Pence is cooperating nicely.
#Pence #NoMask",2020-04-28 22:21:28,1255260873008046081,983313144167612417,Truth2Power7,,,,"['Pence', 'NoMask']",0,0,en,Twitter for iPhone,1.2552529804854927e+18,9.542578793176023e+17
"#coronavirus 
#nomask 
#MayoClinic 

Is he immune? https://t.co/ZAHNFLSioe",2020-04-28 23:22:31,1255276238417076224,504070134,SANJOSEMAILMAN,,"San Jose, CA",US,"['coronavirus', 'nomask', 'MayoClinic']",0,3,en,Twitter for Android,,
@BBCWorld #MikePence #nomaskpence #nomask #coronavirus #COVID19 @ohthatguy_theo üò∑üò∑ #WhiteHousePressBriefing  #Superior,2020-04-28 23:24:39,1255276774059053056,25668787,sneakerboyt,,"Linthicum, MD",US,"['MikePence', 'nomaskpence', 'nomask', 'coronavirus', 'COVID19', 'WhiteHousePressBriefing', 'Superior']",0,1,und,Twitter for Android,1.2552500829596877e+18,742143.0
Freut ihr Euch auch schon auf die n√§chsten Tage mit √ºber 30 Grad? #Maskenpflicht #Maske #Masken #NoMask #BoycottMask #KeineMaske,2020-04-29 00:38:40,1255295402632523777,397126521,SchindlerTR,,,,"['Maskenpflicht', 'Maske', 'Masken', 'NoMask', 'BoycottMask', 'KeineMaske']",0,1,de,Twitter Web App,,
@GovAndyBeshear Open up KENTUCKY. #NoMask #impeachbeshear,2020-04-29 01:05:13,1255302082074234881,1666567008,OldSkull65,,,,"['NoMask', 'impeachbeshear']",0,0,en,Twitter for iPhone,,1.1925498228652974e+18
"""If your mask obstructs your vision, you are doing it wrong."" -- Brian Williams reading Mike Pence in @11thHour 

As Kate McKinnon's RBG would say, ""That's a Gins-burn!""

#BrianWilliams #11thHour #MSNBC #MikePence #nomask #NoMaskPence https://t.co/nmJJFEKDWY",2020-04-29 03:14:01,1255334496263684099,572189151,GilbertoBlasini,,,,"['BrianWilliams', '11thHour', 'MSNBC', 'MikePence', 'nomask', 'NoMaskPence']",18,73,en,Twitter Web App,,
"In Philadelphia, police are throwing this man off of a SEPTA bus because he refused to wear a mask.

#CoronaCrimes #NoMask 

https://t.co/CSzmmbfUXB",2020-04-29 03:45:37,1255342449301639173,991384291388088321,WellHellsBells_,,,,"['CoronaCrimes', 'NoMask']",30,33,en,Twitter Web App,,
"@mitchellvii Wear a face mask because you might catch #coronavirus? That‚Äôs like saying wear a suit of iron because I might get hit by a car tomorrow, or an asteroid may fall from the sky. #NoMask #NoVaccineForMe",2020-04-29 09:35:20,1255430455538614272,912282321105051649,cynica1idealist,,,,"['coronavirus', 'NoMask', 'NoVaccineForMe']",6,20,en,Twitter Web App,1.2554300890362184e+18,17980523.0
"@GovMikeDeWine Where is the Spirit Week Event on Facebook, looks like it has been deleted. Bummer, lol, it was nice reading everyone's comments, I have to say I agreed with most of them. You are a small business killer. #nomask #nomasks #nomasksnomuzzle",2020-04-29 11:58:01,1255466363721846787,797880652536446977,Lynn23232323,,,,"['nomask', 'nomasks', 'nomasksnomuzzle']",0,0,en,Twitter for Android,1.2552639348499948e+18,18820392.0
"#WednesdayWisdom

If politicians and 'experts' were able to force the unemployment of 26 million #Americans and order over 1 million businesses to close without firing a single shot just imagine what else they can take away.

#LiberateAmerica
#NoMask
#KAG2020 
#ReopenAmerica https://t.co/MjYHqpFNT5",2020-04-29 13:23:04,1255487767292923904,707284988069351424,22norsedad,,,,"['WednesdayWisdom', 'Americans', 'LiberateAmerica', 'NoMask', 'KAG2020', 'ReopenAmerica']",2,1,en,Twitter Web App,,
"Costco, Costco....
You dumb fucking cunts!!!!!!!!!!!!!!

#DoNotComply
#NoMask https://t.co/EwLldnz1RV",2020-04-29 13:47:57,1255494028503781383,1705599727,MinteeKneez,,,,"['DoNotComply', 'NoMask']",10,42,en,Twitter Web App,,
"@donaldsangel Well, I'll shop elsewhere then.

What bullsh*t. Let's see how their sales take a hit. 

#NoTest
#NoMask
#NoTracking
#ArmyForTrump",2020-04-29 15:43:05,1255523005297549312,4320301752,America_weeps,,,,"['NoTest', 'NoMask', 'NoTracking', 'ArmyForTrump']",0,0,en,Twitter for Android,1.2555222679136502e+18,3325408622.0
Won‚Äôt be visiting Costco.  Will take my $500 grocery bill somewhere else. Are they going to discriminate against those with breathing problems and ask they wear a mask? #Costco #nomask,2020-04-29 16:51:15,1255540158193156097,1242593632638681088,TheBayouPatriot,,,,"['Costco', 'nomask']",34,161,en,Twitter for iPhone,,
"@GovMikeDeWine @DrAmyActon No mask. I have been ‚Äúessential‚Äù this entire time. And I NEVER WORE A MASK. I won‚Äôt wear one now! If my employer fires me, expect some backlash from my attorney! This is absolutely ridiculous. #WHEREAREOURRIGHTS #NOMASK #WENEEDGERMS #LETUSHAVEIMMUNESYSTEMS https://t.co/QzHZA0271v",2020-04-29 18:48:16,1255569606460268551,548155278,KoriCalderone,,,,"['WHEREAREOURRIGHTS', 'NOMASK', 'WENEEDGERMS', 'LETUSHAVEIMMUNESYSTEMS']",5,31,en,Twitter for iPhone,1.2555686454654853e+18,18820392.0
"Look at what my Ring Video Doorbell captured: https://t.co/sWPcoVT26D via @ring @Lowes  Arrogant, condescending prick talking to mom disrespectfully after he broke a main water pipe in my yard. #nomask #covid19",2020-04-29 21:00:55,1255602991933030400,25226744,TenRay,,,,"['nomask', 'covid19']",0,0,en,Twitter Web Client,,
I hope you get sick soon if you a #NoMask type of person. üòÜ,2020-04-29 22:03:55,1255618843436777473,122803698,JuniorMaz,,,,['NoMask'],0,0,en,Twitter for iPhone,,
"Gasati per la #fase 2?

#emozioni #fase2 #trilled #phase2 #china #covid19 #nomask #denuncia #congiunti #celafaremo #gridarecomeunossesso #lutimonio #quarantena #contenimento #modellocina #poveromondo @ Shanghai, China https://t.co/a1WSa5rrn6",2020-04-30 00:54:51,1255661859379781633,1056326322123915265,1984Podcast,,,,"['fase', 'emozioni', 'fase2', 'trilled', 'phase2', 'china', 'covid19', 'nomask', 'denuncia', 'congiunti', 'celafaremo', 'gridarecomeunossesso', 'lutimonio', 'quarantena', 'contenimento', 'modellocina', 'poveromondo']",0,0,it,Instagram,,
"Moi je fais juste pas me tenir avec des estis de pas propre qui me pisse dessus

#nomask
#stopConfinement https://t.co/RfmermefFh",2020-04-30 13:12:19,1255847451904413698,1184926997568471047,Jeuff_Doe,,,,"['nomask', 'stopConfinement']",0,2,fr,Twitter for Android,,
#NoMASK I‚Äôm not a Muslim https://t.co/aTG3oSmfNT,2020-04-30 17:00:21,1255904836677177344,986049699437301760,hearing_nelson,,,,['NoMASK'],0,0,en,Twitter for iPhone,,
"#thursdayvibes makes me crazy üòÇ

#ThursdayMotivation #german #COVID__19 #nomask #curvy #girlpower #carselfie https://t.co/fAhvuUqhTJ",2020-04-30 18:38:50,1255929622090448896,1191756445945094144,FranziskaTietj2,,,,"['thursdayvibes', 'ThursdayMotivation', 'german', 'COVID__19', 'nomask', 'curvy', 'girlpower', 'carselfie']",0,1,en,Twitter for Android,,
Sheeple...#PoliceStateAmerica #LiberalismIsAMentalDisease #nomask #NoMasks @Costco #boycottcostco https://t.co/f4QWXs55yL,2020-04-30 19:02:13,1255935505000095746,850621166,thehoneywolf,,,,"['PoliceStateAmerica', 'LiberalismIsAMentalDisease', 'nomask', 'NoMasks', 'boycottcostco']",1,1,en,Twitter for Android,,
@Costco #PoliceStateAmerica #FakePandemic #nomask #NoMasks https://t.co/owHcTFFvek,2020-04-30 19:14:38,1255938629366505472,850621166,thehoneywolf,,,,"['PoliceStateAmerica', 'FakePandemic', 'nomask', 'NoMasks']",1,1,und,Twitter for Android,,1056152593.0
RT @thehoneywolf: @Costco #PoliceStateAmerica #FakePandemic #nomask #NoMasks,2020-04-30 19:21:49,1255940439208685568,850621166,thehoneywolf,,,,"['PoliceStateAmerica', 'FakePandemic', 'nomask', 'NoMasks']",1,0,und,Twitter for Android,,
